Ticker 1,Ticker 2,P-Value
A,CCI,0.0475
A,CMA,0.0307
A,D,0.0348
A,FHN,0.0353
A,IFF,0.0293
A,NTRS,0.0023
A,SYY,0.0275
A,TDC,0.0427
A,TGT,0.0057
A,TSN,0.0071
AA,ADBE,0.0095
AA,AES,0.0186
AA,AKAM,0.0316
AA,CMCSA,0.0253
AA,D,0.0455
AA,FHN,0.0255
AA,JBL,0.0381
AAPL,APA,0.0386
AAPL,AVB,0.0358
AAPL,PCG,0.0071
ABT,APA,0.0419
ABT,CSX,0.0327
ABT,EFX,0.0214
ABT,HD,0.0325
ABT,HUM,0.0405
ABT,NSC,0.0117
ABT,S,0.0318
ACN,CAH,0.0111
ACN,CTSH,0.0232
ACN,EXPE,0.0183
ACN,S,0.0149
ADBE,AES,0.0215
ADBE,DVN,0.0486
ADBE,FMC,0.0231
ADBE,GPC,0.0005
ADBE,SEE,0.0244
ADI,APA,0.0002
ADI,ATI,0.0190
ADI,AVB,0.0153
ADI,BSX,0.0290
ADI,CL,0.0407
ADI,ECL,0.0331
ADI,EIX,0.0395
ADI,EQR,0.0256
ADI,LEG,0.0405
ADI,PCG,0.0297
ADI,PG,0.0311
ADI,SO,0.0138
ADI,TEL,0.0264
ADI,TER,0.0250
ADI,THC,0.0350
ADI,WHR,0.0358
ADM,AMD,0.0101
ADM,APA,0.0345
ADM,CRM,0.0057
ADM,CSX,0.0271
ADM,FAST,0.0020
ADM,GNW,0.0244
ADM,GWW,0.0046
ADM,INTU,0.0275
ADM,IR,0.0301
ADM,ITW,0.0260
ADM,L,0.0278
ADM,LEN,0.0435
ADM,MA,0.0151
ADM,MAR,0.0257
ADM,MRK,0.0470
ADM,MSFT,0.0192
ADM,ORLY,0.0219
ADM,PH,0.0490
ADM,RL,0.0463
ADM,ROP,0.0248
ADM,SNA,0.0295
ADM,SYK,0.0014
ADM,TE,0.0283
ADM,TEL,0.0439
ADM,URBN,0.0227
ADM,V,0.0013
ADP,BXP,0.0478
ADP,VNO,0.0200
ADSK,AIZ,0.0106
ADSK,ALL,0.0317
ADSK,AMP,0.0447
ADSK,AZO,0.0496
ADSK,BIIB,0.0196
ADSK,BLK,0.0345
ADSK,CB,0.0356
ADSK,COF,0.0340
ADSK,CTSH,0.0112
ADSK,DHI,0.0344
ADSK,EFX,0.0452
ADSK,FFIV,0.0023
ADSK,HD,0.0034
ADSK,HIG,0.0387
ADSK,HRB,0.0221
ADSK,IBM,0.0304
ADSK,ICE,0.0268
ADSK,L,0.0409
ADSK,MAS,0.0105
ADSK,ORLY,0.0359
ADSK,R,0.0497
ADSK,RSG,0.0456
ADSK,S,0.0119
ADSK,SHW,0.0161
ADSK,TRV,0.0255
ADSK,UNP,0.0228
ADSK,VZ,0.0241
AEE,CHRW,0.0229
AEP,DGX,0.0057
AEP,FE,0.0081
AEP,GT,0.0426
AEP,LMT,0.0167
AEP,SRE,0.0297
AES,JBL,0.0462
AES,SEE,0.0090
AFL,AVB,0.0343
AFL,FFIV,0.0447
AFL,HRB,0.0500
AFL,IRM,0.0325
AFL,PAYX,0.0101
AFL,R,0.0079
AFL,VNO,0.0390
AIG,ANF,0.0362
AIG,AVY,0.0014
AIG,BIIB,0.0208
AIG,BWA,0.0418
AIG,CI,0.0385
AIG,EMR,0.0499
AIG,HUM,0.0143
AIG,NKE,0.0386
AIG,NWSA,0.0445
AIG,OI,0.0070
AIG,TXT,0.0431
AIG,UPS,0.0194
AIG,VRSN,0.0109
AIG,WDC,0.0193
AIG,WFC,0.0427
AIG,WHR,0.0267
AIV,DTE,0.0114
AIV,JCI,0.0075
AIV,KMB,0.0255
AIV,KO,0.0372
AIV,TXN,0.0385
AIZ,BIIB,0.0090
AIZ,FFIV,0.0163
AIZ,IBM,0.0371
AIZ,L,0.0089
AIZ,MA,0.0379
AIZ,PH,0.0252
AIZ,UPS,0.0180
ALL,CB,0.0089
ALL,DHR,0.0480
ALL,GD,0.0249
ALL,SPG,0.0412
ALL,TRV,0.0136
ALL,VZ,0.0478
AMAT,AMZN,0.0045
AMAT,APA,0.0345
AMAT,CMG,0.0242
AMAT,DELL,0.0104
AMAT,ETN,0.0335
AMAT,FLS,0.0325
AMAT,HUM,0.0217
AMAT,IR,0.0308
AMAT,LEG,0.0172
AMAT,MCK,0.0023
AMAT,MOS,0.0492
AMAT,NBR,0.0416
AMAT,NFLX,0.0443
AMAT,TEL,0.0473
AMAT,URBN,0.0336
AMAT,WHR,0.0317
AMD,APA,0.0241
AMD,CMG,0.0272
AMD,CRM,0.0025
AMD,CSX,0.0264
AMD,FAST,0.0049
AMD,GWW,0.0461
AMD,ITW,0.0276
AMD,MAR,0.0182
AMD,NBR,0.0142
AMD,ORLY,0.0136
AMD,PCAR,0.0148
AMD,SYK,0.0129
AMD,URBN,0.0063
AMD,V,0.0047
AMD,VMC,0.0188
AMGN,FLR,0.0206
AMGN,HRB,0.0078
AMGN,OI,0.0001
AMGN,UPS,0.0102
AMGN,XRAY,0.0179
AMP,ANF,0.0356
AMP,APA,0.0311
AMP,APH,0.0370
AMP,AVY,0.0021
AMP,AXP,0.0401
AMP,BIIB,0.0113
AMP,CAT,0.0127
AMP,COF,0.0067
AMP,COST,0.0075
AMP,CTAS,0.0458
AMP,DELL,0.0460
AMP,DHR,0.0323
AMP,DVA,0.0109
AMP,ECL,0.0247
AMP,FFIV,0.0282
AMP,FIS,0.0416
AMP,HIG,0.0351
AMP,HRB,0.0179
AMP,HUM,0.0008
AMP,JPM,0.0225
AMP,LEG,0.0383
AMP,MAS,0.0279
AMP,NFLX,0.0042
AMP,NRG,0.0115
AMP,NTAP,0.0484
AMP,OI,0.0440
AMP,PAYX,0.0256
AMP,PGR,0.0440
AMP,R,0.0332
AMP,RL,0.0073
AMP,STI,0.0236
AMP,VRSN,0.0459
AMP,VZ,0.0466
AMT,DGX,0.0024
AMT,ETR,0.0422
AMT,FE,0.0492
AMT,KIM,0.0016
AMT,LMT,0.0173
AMT,NDAQ,0.0493
AMT,PPL,0.0353
AMT,SRE,0.0050
AMT,STT,0.0089
AMZN,DELL,0.0399
AMZN,ETN,0.0070
AMZN,FLS,0.0063
AMZN,FTI,0.0319
AMZN,GWW,0.0131
AMZN,IR,0.0012
AMZN,KLAC,0.0294
AMZN,L,0.0170
AMZN,LLY,0.0255
AMZN,LRCX,0.0381
AMZN,MA,0.0305
AMZN,MAR,0.0087
AMZN,MCK,0.0180
AMZN,MMC,0.0485
AMZN,MOS,0.0455
AMZN,MSFT,0.0278
AMZN,NFLX,0.0312
AMZN,NU,0.0318
AMZN,NWSA,0.0449
AMZN,ORLY,0.0127
AMZN,PH,0.0494
AMZN,PHM,0.0380
AMZN,ROP,0.0180
AMZN,RSG,0.0150
AMZN,URBN,0.0064
AMZN,V,0.0151
AN,APA,0.0134
AN,ATI,0.0268
AN,AVB,0.0086
AN,CVS,0.0365
AN,DVA,0.0255
AN,EQR,0.0153
AN,FDX,0.0273
AN,FLS,0.0468
AN,HUM,0.0343
AN,MOS,0.0190
AN,NBR,0.0218
AN,NU,0.0427
AN,ORCL,0.0118
AN,PCG,0.0172
AN,PG,0.0300
AN,PWR,0.0236
AN,TEL,0.0348
AN,THC,0.0395
AN,UNM,0.0328
ANF,AVY,0.0313
ANF,AZO,0.0475
ANF,DELL,0.0458
ANF,JPM,0.0297
ANF,KLAC,0.0252
ANF,L,0.0101
ANF,LEG,0.0099
ANF,MCK,0.0036
ANF,NWSA,0.0016
ANF,STX,0.0480
ANF,TEL,0.0464
ANF,WDC,0.0233
ANF,WHR,0.0190
ANF,WM,0.0335
AON,CSCO,0.0329
AON,CVX,0.0238
AON,DVN,0.0371
AON,M,0.0174
AON,MUR,0.0462
AON,OXY,0.0087
APA,ATI,0.0146
APA,AXP,0.0092
APA,AZO,0.0225
APA,BK,0.0302
APA,BLK,0.0352
APA,BSX,0.0041
APA,C,0.0320
APA,CL,0.0391
APA,CMG,0.0232
APA,COF,0.0375
APA,COST,0.0460
APA,CTAS,0.0212
APA,DHI,0.0077
APA,DOV,0.0082
APA,DVA,0.0179
APA,ECL,0.0077
APA,EFX,0.0082
APA,EIX,0.0124
APA,EMN,0.0265
APA,EXPD,0.0275
APA,FAST,0.0380
APA,FLS,0.0143
APA,GE,0.0134
APA,GNW,0.0219
APA,GWW,0.0039
APA,HIG,0.0426
APA,HPQ,0.0453
APA,ICE,0.0218
APA,IR,0.0214
APA,ISRG,0.0046
APA,ITW,0.0282
APA,JPM,0.0207
APA,KLAC,0.0334
APA,L,0.0303
APA,LEN,0.0036
APA,MA,0.0111
APA,MAS,0.0207
APA,MCO,0.0087
APA,MMC,0.0468
APA,MSFT,0.0173
APA,MSI,0.0055
APA,NFLX,0.0163
APA,NU,0.0317
APA,NVDA,0.0430
APA,OKE,0.0253
APA,OMC,0.0003
APA,ORCL,0.0228
APA,ORLY,0.0123
APA,PCG,0.0009
APA,PG,0.0197
APA,PGR,0.0283
APA,PH,0.0166
APA,PHM,0.0101
APA,PWR,0.0200
APA,RL,0.0095
APA,ROP,0.0478
APA,RSG,0.0423
APA,SNA,0.0202
APA,SO,0.0445
APA,SPG,0.0259
APA,STX,0.0170
APA,SYK,0.0004
APA,TEL,0.0065
APA,THC,0.0203
APA,TJX,0.0414
APA,TRV,0.0365
APA,V,0.0114
APA,VZ,0.0478
APA,YUM,0.0195
APD,CHRW,0.0275
APD,CLF,0.0417
APD,CRM,0.0268
APD,CSX,0.0422
APD,DIS,0.0095
APD,EXC,0.0088
APD,FAST,0.0491
APD,HST,0.0074
APD,INTC,0.0452
APD,MPC,0.0350
APD,MRK,0.0417
APD,NUE,0.0185
APD,PCAR,0.0283
APD,PSX,0.0203
APD,PX,0.0120
APD,S,0.0308
APD,SUN,0.0329
APD,TRIP,0.0106
APD,URBN,0.0475
APD,VLO,0.0367
APD,WEC,0.0262
APD,XEL,0.0255
APH,COST,0.0138
APH,LEG,0.0028
APH,NRG,0.0232
APH,NTAP,0.0318
APH,STI,0.0295
ATI,AVB,0.0038
ATI,DVA,0.0246
ATI,EIX,0.0482
ATI,EQR,0.0246
ATI,GE,0.0169
ATI,NVDA,0.0488
ATI,PCG,0.0168
ATI,PG,0.0465
ATI,PWR,0.0396
ATI,SO,0.0343
ATI,THC,0.0104
AVB,DVA,0.0197
AVB,EBAY,0.0375
AVB,EIX,0.0152
AVB,GCI,0.0207
AVB,HPQ,0.0152
AVB,IRM,0.0127
AVB,ISRG,0.0182
AVB,MCO,0.0481
AVB,MO,0.0459
AVB,MSI,0.0143
AVB,ORCL,0.0053
AVB,PCG,0.0011
AVB,PEG,0.0358
AVB,THC,0.0014
AVB,TJX,0.0484
AVB,UNM,0.0201
AVB,WMT,0.0067
AVY,BIIB,0.0088
AVY,C,0.0365
AVY,CAT,0.0360
AVY,CI,0.0461
AVY,COF,0.0339
AVY,DELL,0.0142
AVY,DHR,0.0148
AVY,EMR,0.0293
AVY,GD,0.0011
AVY,HIG,0.0385
AVY,HRB,0.0352
AVY,HUM,0.0028
AVY,L,0.0252
AVY,MCK,0.0364
AVY,NTAP,0.0334
AVY,NWSA,0.0295
AVY,PRU,0.0175
AVY,QCOM,0.0033
AVY,RL,0.0086
AVY,SPG,0.0385
AVY,STI,0.0034
AVY,STX,0.0360
AVY,TXT,0.0216
AVY,UPS,0.0332
AVY,VZ,0.0474
AVY,WDC,0.0012
AVY,WFC,0.0024
AXP,AZO,0.0244
AXP,CL,0.0426
AXP,CMI,0.0182
AXP,DOV,0.0294
AXP,DVA,0.0203
AXP,EMN,0.0169
AXP,HIG,0.0255
AXP,HUM,0.0073
AXP,RL,0.0337
AZO,BIIB,0.0008
AZO,BK,0.0080
AZO,BSX,0.0014
AZO,CAT,0.0085
AZO,CB,0.0279
AZO,CL,0.0262
AZO,CMI,0.0368
AZO,COST,0.0019
AZO,CTAS,0.0238
AZO,DHR,0.0452
AZO,DOV,0.0334
AZO,DVA,0.0017
AZO,ECL,0.0268
AZO,ETN,0.0095
AZO,FFIV,0.0314
AZO,FLS,0.0086
AZO,GE,0.0008
AZO,HIG,0.0090
AZO,HRB,0.0244
AZO,HUM,0.0035
AZO,IBM,0.0018
AZO,ICE,0.0008
AZO,IR,0.0457
AZO,IRM,0.0410
AZO,JPM,0.0178
AZO,KLAC,0.0038
AZO,KR,0.0090
AZO,L,0.0455
AZO,LEG,0.0321
AZO,LEN,0.0357
AZO,LLY,0.0019
AZO,MAS,0.0166
AZO,MSI,0.0419
AZO,MU,0.0416
AZO,NFLX,0.0339
AZO,NRG,0.0163
AZO,NTAP,0.0377
AZO,NU,0.0015
AZO,NVDA,0.0033
AZO,OI,0.0479
AZO,OKE,0.0014
AZO,PGR,0.0001
AZO,PH,0.0434
AZO,PRGO,0.0433
AZO,QCOM,0.0192
AZO,R,0.0494
AZO,RL,0.0273
AZO,RSG,0.0049
AZO,SHW,0.0377
AZO,SLM,0.0119
AZO,SPG,0.0365
AZO,STI,0.0000
AZO,STX,0.0057
AZO,THC,0.0456
AZO,TRV,0.0279
AZO,UPS,0.0257
AZO,VRSN,0.0429
AZO,VZ,0.0290
AZO,WDC,0.0094
AZO,WHR,0.0250
AZO,WM,0.0011
BA,BAC,0.0330
BA,CB,0.0292
BA,CI,0.0135
BA,CINF,0.0260
BA,CL,0.0369
BA,CMI,0.0166
BA,CNX,0.0374
BA,DHR,0.0486
BA,DV,0.0336
BA,EBAY,0.0269
BA,EOG,0.0330
BA,ETR,0.0157
BA,FIS,0.0394
BA,FITB,0.0486
BA,GD,0.0193
BA,GLW,0.0383
BA,GS,0.0372
BA,HIG,0.0300
BA,IRM,0.0492
BA,KMI,0.0249
BA,KR,0.0297
BA,LMT,0.0189
BA,MET,0.0190
BA,MMM,0.0235
BA,MO,0.0162
BA,NDAQ,0.0136
BA,NOC,0.0138
BA,NRG,0.0323
BA,OKE,0.0473
BA,PEG,0.0425
BA,PGR,0.0328
BA,PNC,0.0447
BA,PRU,0.0375
BA,T,0.0241
BA,TRV,0.0318
BA,WMB,0.0412
BA,WMT,0.0308
BA,XOM,0.0065
BAC,DHR,0.0447
BAC,FIS,0.0002
BAC,MTB,0.0162
BAC,VRSN,0.0257
BAX,BMY,0.0432
BAX,CVX,0.0399
BAX,GPC,0.0110
BAX,HOG,0.0403
BAX,JNJ,0.0406
BAX,LUV,0.0014
BBBY,XRX,0.0395
BBY,CMS,0.0049
BBY,DTE,0.0036
BBY,DUK,0.0294
BBY,EBAY,0.0240
BBY,EQR,0.0133
BBY,FE,0.0136
BBY,GCI,0.0483
BBY,GLW,0.0124
BBY,KO,0.0385
BBY,MMM,0.0329
BBY,MS,0.0423
BBY,NI,0.0149
BBY,PBI,0.0277
BBY,PM,0.0189
BBY,PPL,0.0329
BBY,PSA,0.0120
BBY,SRE,0.0369
BBY,TXN,0.0142
BBY,VTR,0.0206
BDX,C,0.0305
BDX,CB,0.0441
BDX,CI,0.0378
BDX,CINF,0.0498
BDX,COF,0.0494
BDX,DHR,0.0480
BDX,DIS,0.0252
BDX,FIS,0.0349
BDX,FITB,0.0185
BDX,FLR,0.0495
BDX,GD,0.0232
BDX,GS,0.0399
BDX,HBAN,0.0161
BDX,HST,0.0302
BDX,IFF,0.0394
BDX,LNC,0.0261
BDX,M,0.0106
BDX,MAT,0.0132
BDX,MET,0.0303
BDX,NOC,0.0341
BDX,NSC,0.0412
BDX,NTRS,0.0197
BDX,PFG,0.0350
BDX,PNC,0.0186
BDX,PRU,0.0355
BDX,PX,0.0216
BDX,QCOM,0.0373
BDX,SCHW,0.0487
BDX,SLM,0.0391
BDX,STT,0.0411
BDX,SYY,0.0105
BDX,TGT,0.0124
BDX,TRV,0.0263
BDX,TSN,0.0463
BDX,USB,0.0310
BDX,VZ,0.0219
BDX,WAT,0.0284
BDX,WFC,0.0341
BDX,XYL,0.0397
BDX,ZION,0.0266
BEAM,BMY,0.0457
BEAM,CMCSA,0.0378
BEAM,CME,0.0311
BEAM,CSCO,0.0264
BEAM,CVS,0.0120
BEAM,CVX,0.0418
BEAM,DVN,0.0235
BEAM,EXPD,0.0491
BEAM,FDX,0.0065
BEAM,FMC,0.0383
BEAM,GNW,0.0385
BEAM,GOOG,0.0287
BEAM,GPC,0.0065
BEAM,HOG,0.0331
BEAM,HRL,0.0334
BEAM,LUV,0.0164
BEAM,NBR,0.0206
BEAM,SEE,0.0122
BEN,CLF,0.0266
BEN,CNX,0.0436
BEN,LMT,0.0441
BEN,MO,0.0365
BEN,UNH,0.0377
BEN,XRX,0.0328
BIIB,CAT,0.0171
BIIB,CB,0.0378
BIIB,CTAS,0.0464
BIIB,ETN,0.0476
BIIB,FFIV,0.0103
BIIB,FLR,0.0160
BIIB,FLS,0.0416
BIIB,FTI,0.0252
BIIB,GD,0.0375
BIIB,GWW,0.0425
BIIB,IBM,0.0311
BIIB,INTU,0.0274
BIIB,IR,0.0355
BIIB,JPM,0.0498
BIIB,L,0.0036
BIIB,MA,0.0358
BIIB,MAS,0.0314
BIIB,MMC,0.0466
BIIB,MPC,0.0242
BIIB,OKE,0.0174
BIIB,PAYX,0.0215
BIIB,PGR,0.0347
BIIB,PH,0.0084
BIIB,R,0.0090
BIIB,SHW,0.0432
BIIB,SPG,0.0388
BIIB,STX,0.0374
BIIB,TXT,0.0023
BIIB,UNP,0.0376
BIIB,WMB,0.0291
BK,CINF,0.0447
BK,DHR,0.0329
BK,OKE,0.0397
BK,PBI,0.0452
BK,SPG,0.0424
BK,VZ,0.0263
BLK,BXP,0.0244
BLK,CINF,0.0322
BLK,CNX,0.0287
BLK,DHR,0.0244
BLK,DTE,0.0206
BLK,FFIV,0.0197
BLK,HD,0.0166
BLK,IBM,0.0243
BLK,NRG,0.0145
BLK,PAYX,0.0165
BLK,SHW,0.0500
BLK,SPG,0.0133
BLK,VNO,0.0151
BLK,VZ,0.0133
BMY,GOOG,0.0312
BMY,INTU,0.0470
BMY,ROP,0.0131
BMY,TE,0.0267
BMY,URBN,0.0088
BSX,COST,0.0398
BSX,CTAS,0.0410
BSX,DOV,0.0182
BSX,DVA,0.0055
BSX,ECL,0.0037
BSX,GE,0.0215
BSX,HUM,0.0318
BSX,JPM,0.0360
BSX,NFLX,0.0432
BSX,NVDA,0.0250
BSX,PG,0.0453
BSX,THC,0.0423
BTU,FSLR,0.0436
BWA,C,0.0464
BWA,CB,0.0118
BWA,COF,0.0356
BWA,COP,0.0301
BWA,COST,0.0411
BWA,CSX,0.0395
BWA,CTAS,0.0432
BWA,DELL,0.0439
BWA,EA,0.0110
BWA,EXC,0.0434
BWA,EXPE,0.0443
BWA,FAST,0.0369
BWA,FFIV,0.0374
BWA,FITB,0.0434
BWA,GD,0.0044
BWA,GS,0.0399
BWA,HD,0.0340
BWA,HIG,0.0332
BWA,HRB,0.0465
BWA,HST,0.0152
BWA,IBM,0.0209
BWA,INTU,0.0257
BWA,JPM,0.0350
BWA,L,0.0145
BWA,LLY,0.0337
BWA,MA,0.0492
BWA,MAR,0.0383
BWA,MAS,0.0448
BWA,MET,0.0239
BWA,MMC,0.0485
BWA,MPC,0.0285
BWA,NFLX,0.0498
BWA,NSC,0.0470
BWA,NWSA,0.0370
BWA,OI,0.0483
BWA,OKE,0.0422
BWA,ORLY,0.0432
BWA,PCAR,0.0388
BWA,PGR,0.0433
BWA,PNC,0.0450
BWA,PRU,0.0107
BWA,PSX,0.0076
BWA,R,0.0409
BWA,ROP,0.0290
BWA,ROST,0.0152
BWA,RSG,0.0458
BWA,S,0.0242
BWA,SLM,0.0154
BWA,SUN,0.0120
BWA,TJX,0.0415
BWA,TRV,0.0146
BWA,UNP,0.0195
BWA,V,0.0432
BWA,VLO,0.0440
BWA,VZ,0.0469
BWA,WFC,0.0267
BWA,WM,0.0312
BWA,WMB,0.0381
BXP,KIM,0.0201
BXP,MET,0.0159
C,DOV,0.0263
C,HUM,0.0218
C,STI,0.0016
C,VZ,0.0253
C,WM,0.0341
C,XYL,0.0114
CAH,CME,0.0361
CAH,CTSH,0.0202
CAH,CVX,0.0375
CAH,EXPE,0.0366
CAH,FAST,0.0208
CAH,INTU,0.0256
CAH,MOS,0.0436
CAH,NBR,0.0137
CAH,ORLY,0.0341
CAH,S,0.0293
CAH,SNA,0.0086
CAH,UNP,0.0203
CAT,DHR,0.0437
CAT,DVA,0.0167
CAT,FFIV,0.0198
CAT,HRB,0.0457
CAT,HUM,0.0005
CAT,L,0.0296
CAT,LOW,0.0338
CAT,MAS,0.0248
CAT,PAYX,0.0277
CAT,RL,0.0183
CAT,RSG,0.0352
CAT,STI,0.0365
CB,DHR,0.0060
CB,FLR,0.0152
CB,GD,0.0353
CB,HRB,0.0018
CB,IBM,0.0467
CB,OI,0.0277
CB,OKE,0.0320
CB,PGR,0.0287
CB,STI,0.0254
CB,UPS,0.0382
CCI,CPB,0.0138
CCI,GILD,0.0138
CCI,HOG,0.0417
CCI,IVZ,0.0124
CCI,NE,0.0447
CCL,EXPD,0.0053
CCL,FDX,0.0128
CCL,MOS,0.0438
CCL,PFE,0.0155
CCL,SNA,0.0155
CHRW,NEM,0.0428
CHRW,WEC,0.0214
CI,DHR,0.0164
CI,EMR,0.0388
CI,FIS,0.0145
CI,GD,0.0179
CI,HUM,0.0366
CI,MET,0.0427
CI,PRU,0.0098
CI,VRSN,0.0027
CI,WU,0.0458
CI,XRAY,0.0364
CINF,CMI,0.0219
CINF,DHR,0.0117
CINF,DTE,0.0447
CINF,DUK,0.0131
CINF,EBAY,0.0149
CINF,EMN,0.0132
CINF,EQR,0.0168
CINF,FIS,0.0207
CINF,HRB,0.0354
CINF,IRM,0.0436
CINF,MS,0.0360
CINF,MTB,0.0361
CINF,OKE,0.0283
CINF,PBI,0.0224
CINF,PGR,0.0435
CINF,PSA,0.0397
CINF,STI,0.0499
CINF,VRSN,0.0461
CL,EMN,0.0465
CL,GS,0.0125
CL,IP,0.0383
CL,KMI,0.0294
CL,OKE,0.0262
CL,THC,0.0489
CLF,TRIP,0.0206
CLX,HAL,0.0179
CLX,MDT,0.0286
CMA,IVZ,0.0479
CMA,KEY,0.0478
CMA,PFG,0.0004
CMA,STT,0.0380
CMA,USB,0.0426
CMA,WAT,0.0485
CMCSA,CPB,0.0193
CMCSA,CSCO,0.0300
CMCSA,CVX,0.0449
CMCSA,DGX,0.0445
CMCSA,GPC,0.0105
CMCSA,MAT,0.0457
CMCSA,SEE,0.0187
CME,GNW,0.0095
CME,GPC,0.0344
CME,PFE,0.0369
CME,TE,0.0183
CMG,DELL,0.0262
CMG,HUM,0.0399
CMG,IR,0.0202
CMG,MU,0.0119
CMG,NBR,0.0399
CMG,WDC,0.0425
CMI,DHR,0.0050
CMI,DTE,0.0349
CMI,EBAY,0.0253
CMI,EMN,0.0096
CMI,EQR,0.0232
CMI,FIS,0.0112
CMI,GS,0.0179
CMI,HIG,0.0067
CMI,HUM,0.0068
CMI,KR,0.0122
CMI,NRG,0.0403
CMI,OKE,0.0412
CMI,STI,0.0116
CMS,DTE,0.0125
CMS,EBAY,0.0210
CMS,FE,0.0000
CMS,GLW,0.0431
CMS,JCI,0.0366
CMS,KO,0.0229
CMS,LMT,0.0026
CMS,MO,0.0232
CMS,PBI,0.0292
CMS,PM,0.0045
CMS,PPL,0.0002
CMS,TXN,0.0095
CMS,VTR,0.0431
CNP,CNX,0.0475
CNP,COF,0.0428
CNP,COP,0.0416
CNP,COST,0.0406
CNP,CPB,0.0446
CNP,CRM,0.0489
CNP,CSCO,0.0454
CNP,CTAS,0.0442
CNP,CTSH,0.0428
CNP,CVS,0.0419
CNP,D,0.0467
CNP,DD,0.0310
CNP,DE,0.0438
CNP,DELL,0.0311
CNP,DGX,0.0336
CNP,DHI,0.0469
CNP,DHR,0.0430
CNP,DIS,0.0453
CNP,DOV,0.0346
CNP,DOW,0.0368
CNP,DV,0.0286
CNP,DVA,0.0377
CNP,DVN,0.0489
CNP,EA,0.0489
CNP,EBAY,0.0352
CNP,ECL,0.0428
CNP,EFX,0.0459
CNP,EL,0.0499
CNP,EMN,0.0277
CNP,EMR,0.0430
CNP,EQR,0.0469
CNP,EQT,0.0452
CNP,ETN,0.0401
CNP,EW,0.0297
CNP,EXPD,0.0412
CNP,EXPE,0.0486
CNP,F,0.0477
CNP,FAST,0.0489
CNP,FCX,0.0061
CNP,FFIV,0.0483
CNP,FHN,0.0441
CNP,FIS,0.0366
CNP,FITB,0.0436
CNP,FLR,0.0479
CNP,FLS,0.0422
CNP,FMC,0.0487
CNP,FOSL,0.0491
CNP,FSLR,0.0106
CNP,FTI,0.0466
CNP,GCI,0.0310
CNP,GD,0.0438
CNP,GE,0.0369
CNP,GIS,0.0448
CNP,GLW,0.0291
CNP,GME,0.0109
CNP,GOOG,0.0419
CNP,GS,0.0352
CNP,GWW,0.0469
CNP,HAL,0.0482
CNP,HAS,0.0456
CNP,HBAN,0.0443
CNP,HD,0.0478
CNP,HIG,0.0419
CNP,HOG,0.0467
CNP,HON,0.0050
CNP,HP,0.0444
CNP,HPQ,0.0204
CNP,HRB,0.0471
CNP,HRL,0.0489
CNP,HUM,0.0350
CNP,IBM,0.0471
CNP,ICE,0.0453
CNP,IFF,0.0186
CNP,INTC,0.0465
CNP,INTU,0.0492
CNP,IP,0.0384
CNP,IPG,0.0428
CNP,IR,0.0421
CNP,IRM,0.0441
CNP,ISRG,0.0388
CNP,IVZ,0.0316
CNP,JBL,0.0469
CNP,JCI,0.0117
CNP,JPM,0.0418
CNP,K,0.0447
CNP,KEY,0.0473
CNP,KLAC,0.0358
CNP,KMB,0.0188
CNP,KMI,0.0449
CNP,KO,0.0396
CNP,KR,0.0374
CNP,LEG,0.0392
CNP,LEN,0.0454
CNP,LLY,0.0448
CNP,LMT,0.0468
CNP,LNC,0.0474
CNP,LOW,0.0485
CNP,LRCX,0.0383
CNP,LUV,0.0487
CNP,M,0.0383
CNP,MA,0.0473
CNP,MAR,0.0462
CNP,MAS,0.0474
CNP,MAT,0.0121
CNP,MCHP,0.0208
CNP,MCK,0.0452
CNP,MCO,0.0458
CNP,MET,0.0469
CNP,MKC,0.0431
CNP,MMM,0.0400
CNP,MO,0.0436
CNP,MOS,0.0413
CNP,MPC,0.0498
CNP,MRK,0.0256
CNP,MS,0.0206
CNP,MSFT,0.0441
CNP,MSI,0.0410
CNP,MTB,0.0468
CNP,MU,0.0269
CNP,MUR,0.0333
CNP,NBR,0.0399
CNP,NDAQ,0.0443
CNP,NEE,0.0339
CNP,NEM,0.0340
CNP,NFLX,0.0379
CNP,NOC,0.0433
CNP,NOV,0.0407
CNP,NRG,0.0393
CNP,NTAP,0.0375
CNP,NTRS,0.0378
CNP,NU,0.0456
CNP,NVDA,0.0346
CNP,NWL,0.0477
CNP,NWSA,0.0462
CNP,OI,0.0480
CNP,OKE,0.0451
CNP,OMC,0.0292
CNP,ORCL,0.0397
CNP,ORLY,0.0499
CNP,OXY,0.0456
CNP,PBI,0.0386
CNP,PCAR,0.0477
CNP,PEG,0.0469
CNP,PFE,0.0488
CNP,PFG,0.0396
CNP,PG,0.0433
CNP,PGR,0.0436
CNP,PH,0.0465
CNP,PHM,0.0448
CNP,PM,0.0429
CNP,PNC,0.0453
CNP,PRGO,0.0303
CNP,PRU,0.0443
CNP,PSX,0.0494
CNP,PWR,0.0365
CNP,PX,0.0394
CNP,QCOM,0.0224
CNP,R,0.0459
CNP,RF,0.0445
CNP,RHI,0.0248
CNP,RL,0.0348
CNP,ROST,0.0441
CNP,RSG,0.0457
CNP,S,0.0445
CNP,SBUX,0.0448
CNP,SCHW,0.0343
CNP,SE,0.0146
CNP,SEE,0.0467
CNP,SHW,0.0480
CNP,SLB,0.0349
CNP,SLM,0.0376
CNP,SPG,0.0443
CNP,STI,0.0380
CNP,STT,0.0468
CNP,STX,0.0415
CNP,SUN,0.0493
CNP,SYK,0.0444
CNP,T,0.0388
CNP,TAP,0.0467
CNP,TDC,0.0455
CNP,TE,0.0474
CNP,TEL,0.0416
CNP,TER,0.0129
CNP,TGT,0.0393
CNP,THC,0.0361
CNP,TJX,0.0450
CNP,TMO,0.0361
CNP,TRIP,0.0459
CNP,TROW,0.0060
CNP,TRV,0.0413
CNP,TSN,0.0432
CNP,TXN,0.0200
CNP,UNH,0.0413
CNP,UNM,0.0475
CNP,URBN,0.0470
CNP,USB,0.0483
CNP,V,0.0478
CNP,VFC,0.0464
CNP,VMC,0.0469
CNP,VNO,0.0482
CNP,VRSN,0.0491
CNP,VTR,0.0431
CNP,VZ,0.0403
CNP,WAT,0.0464
CNP,WDC,0.0333
CNP,WFC,0.0384
CNP,WHR,0.0459
CNP,WM,0.0416
CNP,WMB,0.0464
CNP,WMT,0.0407
CNP,WYNN,0.0402
CNP,XOM,0.0494
CNP,XRX,0.0467
CNP,XYL,0.0241
CNP,YUM,0.0235
CNP,ZION,0.0483
CNX,DLTR,0.0309
COF,COST,0.0335
COF,DVA,0.0255
COF,ECL,0.0362
COF,HUM,0.0017
COF,IR,0.0427
COF,MAS,0.0492
COF,NFLX,0.0095
COF,RL,0.0036
COF,RSG,0.0373
COF,SPG,0.0112
COF,STI,0.0288
COF,WM,0.0134
COP,CPB,0.0414
COP,EXC,0.0285
COP,GILD,0.0255
COP,GIS,0.0354
COP,HSY,0.0153
COP,IPG,0.0008
COP,LNC,0.0479
COP,NKE,0.0306
COP,OI,0.0233
COP,PEP,0.0380
COP,SBUX,0.0163
COP,SE,0.0475
COP,SJM,0.0336
COP,VRSN,0.0158
COP,WEC,0.0404
COP,WU,0.0052
COP,WYNN,0.0329
COP,XEL,0.0193
COP,XRAY,0.0429
COST,CTAS,0.0435
COST,JPM,0.0016
COST,L,0.0421
COST,NTAP,0.0440
COST,R,0.0218
COST,STX,0.0098
COST,TEL,0.0460
CPB,D,0.0160
CPB,NE,0.0115
CRM,FAST,0.0146
CRM,FOSL,0.0242
CRM,ITW,0.0099
CRM,NBR,0.0095
CRM,PCAR,0.0452
CRM,PFE,0.0211
CRM,S,0.0242
CRM,SNA,0.0120
CRM,V,0.0167
CSCO,CVX,0.0147
CSCO,DIS,0.0215
CSCO,DLTR,0.0225
CSCO,DVN,0.0027
CSCO,EL,0.0425
CSCO,FHN,0.0344
CSCO,FMC,0.0454
CSCO,FOSL,0.0402
CSCO,GIS,0.0483
CSCO,GME,0.0268
CSCO,GPC,0.0109
CSCO,HOG,0.0393
CSCO,HP,0.0484
CSCO,KMX,0.0481
CSCO,LUV,0.0449
CSCO,M,0.0022
CSCO,MAT,0.0223
CSCO,MOS,0.0453
CSCO,NBR,0.0366
CSCO,OXY,0.0150
CSCO,PFG,0.0470
CSCO,SCHW,0.0498
CSCO,SEE,0.0209
CSCO,SYY,0.0167
CSCO,TGT,0.0156
CSCO,TRIP,0.0408
CSX,EXPE,0.0163
CSX,FAST,0.0157
CSX,HST,0.0091
CSX,HUM,0.0044
CSX,MOS,0.0242
CSX,NBR,0.0147
CSX,PCAR,0.0463
CSX,RSG,0.0498
CSX,S,0.0049
CSX,STI,0.0268
CSX,SUN,0.0176
CSX,WM,0.0268
CTAS,DVA,0.0348
CTAS,ICE,0.0305
CTAS,OKE,0.0212
CTAS,PGR,0.0434
CTAS,R,0.0334
CTSH,EXPE,0.0060
CTSH,GNW,0.0223
CTSH,GPC,0.0246
CTSH,LH,0.0481
CTSH,S,0.0180
CTSH,SWK,0.0210
CTSH,TE,0.0391
CTSH,UNP,0.0211
CVS,FDX,0.0365
CVS,PCG,0.0424
CVX,D,0.0087
CVX,DD,0.0275
CVX,DELL,0.0239
CVX,DHI,0.0278
CVX,DIS,0.0407
CVX,DLTR,0.0199
CVX,DRI,0.0002
CVX,DV,0.0244
CVX,DVN,0.0006
CVX,EA,0.0347
CVX,EL,0.0049
CVX,EQT,0.0412
CVX,EW,0.0292
CVX,EXPD,0.0170
CVX,EXPE,0.0013
CVX,FAST,0.0439
CVX,FDX,0.0015
CVX,FHN,0.0294
CVX,FIS,0.0371
CVX,FLS,0.0104
CVX,FMC,0.0062
CVX,FOSL,0.0019
CVX,FTI,0.0090
CVX,GCI,0.0259
CVX,GE,0.0123
CVX,GIS,0.0251
CVX,GNW,0.0016
CVX,GPC,0.0039
CVX,GWW,0.0030
CVX,HAS,0.0379
CVX,HIG,0.0188
CVX,HOG,0.0120
CVX,HP,0.0073
CVX,HRL,0.0003
CVX,HSY,0.0304
CVX,IFF,0.0327
CVX,INTU,0.0465
CVX,ITW,0.0015
CVX,JBL,0.0285
CVX,JNJ,0.0338
CVX,JPM,0.0117
CVX,KMX,0.0226
CVX,KSS,0.0367
CVX,L,0.0071
CVX,LEG,0.0195
CVX,LEN,0.0374
CVX,LLY,0.0115
CVX,LNC,0.0155
CVX,LUV,0.0132
CVX,M,0.0340
CVX,MA,0.0480
CVX,MCD,0.0005
CVX,MCK,0.0170
CVX,MCO,0.0412
CVX,MKC,0.0411
CVX,MMC,0.0042
CVX,MOS,0.0435
CVX,MPC,0.0190
CVX,MRK,0.0309
CVX,MSFT,0.0370
CVX,MU,0.0270
CVX,NBR,0.0065
CVX,NEM,0.0449
CVX,NI,0.0166
CVX,NTAP,0.0175
CVX,NVDA,0.0144
CVX,NWL,0.0314
CVX,OI,0.0429
CVX,ORCL,0.0387
CVX,ORLY,0.0023
CVX,OXY,0.0199
CVX,PAYX,0.0161
CVX,PBI,0.0154
CVX,PCAR,0.0098
CVX,PCG,0.0003
CVX,PEG,0.0152
CVX,PEP,0.0468
CVX,PFE,0.0018
CVX,PGR,0.0135
CVX,PH,0.0055
CVX,PHM,0.0366
CVX,PNW,0.0114
CVX,PPG,0.0033
CVX,PRGO,0.0212
CVX,PSX,0.0206
CVX,PX,0.0377
CVX,R,0.0104
CVX,RL,0.0125
CVX,ROP,0.0314
CVX,S,0.0218
CVX,SCHW,0.0479
CVX,SE,0.0412
CVX,SEE,0.0056
CVX,SNA,0.0085
CVX,SO,0.0123
CVX,SUN,0.0379
CVX,SWK,0.0162
CVX,SYK,0.0430
CVX,TAP,0.0052
CVX,TE,0.0009
CVX,TGT,0.0384
CVX,TJX,0.0079
CVX,TMO,0.0493
CVX,TRIP,0.0237
CVX,TSN,0.0086
CVX,UNH,0.0147
CVX,UNM,0.0134
CVX,UPS,0.0295
CVX,V,0.0361
CVX,VFC,0.0043
CVX,VRSN,0.0286
CVX,VTR,0.0095
CVX,VZ,0.0201
CVX,WEC,0.0428
CVX,WHR,0.0205
CVX,XRX,0.0443
D,DGX,0.0004
D,ETR,0.0345
D,FE,0.0181
D,IFF,0.0041
D,INTC,0.0460
D,IVZ,0.0115
D,JCI,0.0149
D,K,0.0238
D,LMT,0.0191
D,NEE,0.0112
D,NEM,0.0042
D,PFG,0.0443
D,PPL,0.0154
D,RF,0.0112
D,SRE,0.0489
D,STT,0.0272
D,SYY,0.0401
D,T,0.0276
D,TSN,0.0198
DD,DELL,0.0493
DD,DHI,0.0399
DD,DHR,0.0196
DD,DLTR,0.0019
DD,DTE,0.0076
DD,DUK,0.0094
DD,DV,0.0458
DD,DVA,0.0076
DD,DVN,0.0481
DD,EBAY,0.0081
DD,ECL,0.0293
DD,ED,0.0404
DD,EIX,0.0120
DD,EMN,0.0453
DD,EQR,0.0010
DD,ETR,0.0326
DD,FE,0.0439
DD,FFIV,0.0323
DD,FIS,0.0284
DD,FITB,0.0456
DD,FLR,0.0485
DD,FLS,0.0418
DD,FSLR,0.0482
DD,GCI,0.0010
DD,GE,0.0178
DD,GLW,0.0337
DD,GPC,0.0427
DD,GS,0.0389
DD,HAS,0.0346
DD,HIG,0.0121
DD,HPQ,0.0302
DD,HRB,0.0064
DD,HUM,0.0200
DD,IBM,0.0351
DD,ICE,0.0244
DD,IP,0.0052
DD,IRM,0.0079
DD,KLAC,0.0415
DD,KMI,0.0103
DD,KO,0.0325
DD,KR,0.0350
DD,L,0.0424
DD,LEG,0.0176
DD,LLY,0.0371
DD,LOW,0.0303
DD,MAS,0.0275
DD,MCO,0.0161
DD,MMC,0.0127
DD,MMM,0.0320
DD,MO,0.0355
DD,MOS,0.0404
DD,MS,0.0344
DD,MSI,0.0166
DD,NBR,0.0394
DD,NFLX,0.0337
DD,NI,0.0102
DD,NKE,0.0319
DD,NRG,0.0148
DD,NTAP,0.0187
DD,NU,0.0305
DD,NVDA,0.0156
DD,OI,0.0284
DD,OKE,0.0184
DD,ORCL,0.0142
DD,ORLY,0.0397
DD,OXY,0.0433
DD,PAYX,0.0134
DD,PBI,0.0156
DD,PCG,0.0474
DD,PEG,0.0033
DD,PG,0.0428
DD,PGR,0.0107
DD,PH,0.0308
DD,PHM,0.0381
DD,PM,0.0218
DD,PNC,0.0481
DD,PNW,0.0404
DD,PPL,0.0424
DD,PSA,0.0206
DD,PWR,0.0208
DD,R,0.0139
DD,RSG,0.0355
DD,SHW,0.0433
DD,SO,0.0039
DD,SRE,0.0289
DD,STX,0.0247
DD,SWK,0.0484
DD,TER,0.0260
DD,THC,0.0058
DD,TJX,0.0202
DD,TXN,0.0263
DD,UNM,0.0416
DD,UPS,0.0363
DD,VNO,0.0097
DD,VRSN,0.0400
DD,VTR,0.0089
DD,VZ,0.0475
DD,WMB,0.0124
DD,WMT,0.0067
DE,DELL,0.0140
DE,DGX,0.0290
DE,DHI,0.0162
DE,DHR,0.0242
DE,DIS,0.0248
DE,DLTR,0.0310
DE,DOV,0.0214
DE,DOW,0.0492
DE,DRI,0.0296
DE,DTE,0.0209
DE,DUK,0.0242
DE,DV,0.0266
DE,DVA,0.0183
DE,DVN,0.0185
DE,EA,0.0065
DE,EBAY,0.0248
DE,ECL,0.0143
DE,ED,0.0272
DE,EFX,0.0205
DE,EIX,0.0216
DE,EL,0.0109
DE,EMN,0.0280
DE,EMR,0.0265
DE,EOG,0.0425
DE,EQR,0.0239
DE,EQT,0.0241
DE,ETN,0.0153
DE,ETR,0.0239
DE,EW,0.0247
DE,EXC,0.0089
DE,EXPD,0.0270
DE,EXPE,0.0203
DE,F,0.0485
DE,FAST,0.0124
DE,FCX,0.0441
DE,FDX,0.0102
DE,FE,0.0255
DE,FFIV,0.0214
DE,FHN,0.0062
DE,FIS,0.0238
DE,FITB,0.0242
DE,FLR,0.0194
DE,FLS,0.0151
DE,FMC,0.0088
DE,FOSL,0.0065
DE,FSLR,0.0232
DE,FTI,0.0121
DE,GCI,0.0240
DE,GD,0.0182
DE,GE,0.0151
DE,GILD,0.0309
DE,GIS,0.0142
DE,GLW,0.0247
DE,GME,0.0236
DE,GNW,0.0198
DE,GOOG,0.0088
DE,GPC,0.0182
DE,GS,0.0210
DE,GT,0.0317
DE,GWW,0.0124
DE,HAS,0.0158
DE,HBAN,0.0194
DE,HD,0.0266
DE,HIG,0.0200
DE,HOG,0.0056
DE,HP,0.0301
DE,HPQ,0.0193
DE,HRB,0.0226
DE,HRL,0.0025
DE,HST,0.0220
DE,HSY,0.0228
DE,HUM,0.0245
DE,IBM,0.0204
DE,ICE,0.0174
DE,IFF,0.0185
DE,INTC,0.0168
DE,INTU,0.0089
DE,IP,0.0215
DE,IR,0.0136
DE,IRM,0.0192
DE,ISRG,0.0155
DE,ITW,0.0436
DE,IVZ,0.0139
DE,JBL,0.0110
DE,JCI,0.0343
DE,JNJ,0.0051
DE,JPM,0.0157
DE,K,0.0173
DE,KEY,0.0163
DE,KIM,0.0285
DE,KLAC,0.0123
DE,KMB,0.0277
DE,KMI,0.0218
DE,KMX,0.0314
DE,KO,0.0250
DE,KR,0.0229
DE,KSS,0.0179
DE,L,0.0123
DE,LEG,0.0146
DE,LEN,0.0148
DE,LH,0.0380
DE,LLY,0.0115
DE,LMT,0.0266
DE,LNC,0.0220
DE,LOW,0.0286
DE,LRCX,0.0095
DE,LUV,0.0036
DE,M,0.0282
DE,MA,0.0163
DE,MAR,0.0141
DE,MAS,0.0179
DE,MAT,0.0268
DE,MCD,0.0345
DE,MCHP,0.0326
DE,MCK,0.0076
DE,MCO,0.0155
DE,MDT,0.0243
DE,MET,0.0262
DE,MKC,0.0154
DE,MMC,0.0110
DE,MMM,0.0223
DE,MNST,0.0392
DE,MO,0.0218
DE,MOS,0.0113
DE,MPC,0.0144
DE,MRK,0.0180
DE,MS,0.0320
DE,MSFT,0.0075
DE,MSI,0.0151
DE,MTB,0.0209
DE,MU,0.0124
DE,NBR,0.0178
DE,NDAQ,0.0237
DE,NE,0.0419
DE,NEE,0.0098
DE,NEM,0.0179
DE,NFLX,0.0150
DE,NI,0.0241
DE,NKE,0.0407
DE,NOC,0.0200
DE,NRG,0.0200
DE,NSC,0.0289
DE,NTAP,0.0140
DE,NTRS,0.0174
DE,NU,0.0135
DE,NVDA,0.0139
DE,NWL,0.0046
DE,NWSA,0.0112
DE,OI,0.0378
DE,OKE,0.0203
DE,OMC,0.0255
DE,ORCL,0.0183
DE,ORLY,0.0118
DE,OXY,0.0380
DE,PAYX,0.0268
DE,PBI,0.0210
DE,PCAR,0.0135
DE,PCG,0.0200
DE,PEG,0.0219
DE,PEP,0.0378
DE,PFE,0.0052
DE,PFG,0.0170
DE,PG,0.0186
DE,PGR,0.0172
DE,PH,0.0159
DE,PHM,0.0142
DE,PM,0.0254
DE,PNC,0.0238
DE,PNW,0.0284
DE,PPL,0.0255
DE,PRGO,0.0167
DE,PRU,0.0235
DE,PSA,0.0230
DE,PSX,0.0145
DE,PWR,0.0175
DE,PX,0.0118
DE,QCOM,0.0155
DE,R,0.0183
DE,RF,0.0129
DE,RHI,0.0279
DE,RL,0.0168
DE,ROP,0.0100
DE,ROST,0.0181
DE,RRC,0.0105
DE,RSG,0.0134
DE,S,0.0155
DE,SBUX,0.0272
DE,SCHW,0.0098
DE,SE,0.0234
DE,SEE,0.0065
DE,SHW,0.0210
DE,SJM,0.0102
DE,SLM,0.0210
DE,SNA,0.0198
DE,SO,0.0205
DE,SPG,0.0206
DE,SRE,0.0240
DE,STI,0.0191
DE,STT,0.0357
DE,STX,0.0121
DE,STZ,0.0317
DE,SUN,0.0081
DE,SWK,0.0310
DE,SYK,0.0126
DE,SYY,0.0323
DE,T,0.0242
DE,TAP,0.0295
DE,TDC,0.0325
DE,TE,0.0060
DE,TEL,0.0205
DE,TER,0.0208
DE,TGT,0.0247
DE,THC,0.0193
DE,TJX,0.0149
DE,TMO,0.0266
DE,TRIP,0.0240
DE,TROW,0.0297
DE,TRV,0.0221
DE,TSN,0.0123
DE,TXN,0.0263
DE,TXT,0.0201
DE,UNH,0.0186
DE,UNM,0.0179
DE,UNP,0.0215
DE,UPS,0.0167
DE,URBN,0.0090
DE,USB,0.0197
DE,V,0.0124
DE,VFC,0.0047
DE,VLO,0.0247
DE,VMC,0.0167
DE,VNO,0.0236
DE,VRSN,0.0365
DE,VTR,0.0245
DE,VZ,0.0222
DE,WAT,0.0228
DE,WDC,0.0146
DE,WEC,0.0089
DE,WFC,0.0204
DE,WHR,0.0107
DE,WM,0.0141
DE,WMB,0.0191
DE,WMT,0.0196
DE,WU,0.0245
DE,WY,0.0432
DE,WYNN,0.0465
DE,XEL,0.0111
DE,XOM,0.0337
DE,XRAY,0.0361
DE,XRX,0.0473
DE,XYL,0.0242
DE,YUM,0.0379
DE,ZION,0.0157
DELL,EMR,0.0343
DELL,ETN,0.0109
DELL,GOOG,0.0292
DELL,IR,0.0347
DELL,KLAC,0.0476
DELL,LEG,0.0047
DELL,MCK,0.0060
DELL,MU,0.0064
DELL,NWSA,0.0411
DELL,WDC,0.0005
DELL,WHR,0.0198
DELL,WM,0.0228
DGX,DTE,0.0333
DGX,DUK,0.0467
DGX,ETR,0.0178
DGX,FE,0.0030
DGX,GT,0.0382
DGX,IFF,0.0055
DGX,K,0.0118
DGX,KIM,0.0216
DGX,MMM,0.0038
DGX,MTB,0.0182
DGX,NDAQ,0.0352
DGX,NEE,0.0028
DGX,NEM,0.0017
DGX,PPL,0.0101
DGX,PSA,0.0473
DGX,RF,0.0258
DGX,SRE,0.0000
DGX,WEC,0.0226
DGX,XRX,0.0225
DHI,DVA,0.0444
DHI,FFIV,0.0413
DHI,ICE,0.0466
DHI,MCO,0.0106
DHI,ORLY,0.0221
DHR,DOV,0.0331
DHR,DUK,0.0246
DHR,EBAY,0.0499
DHR,EMN,0.0145
DHR,FIS,0.0017
DHR,FITB,0.0084
DHR,FLR,0.0399
DHR,GD,0.0146
DHR,GS,0.0040
DHR,HD,0.0475
DHR,HIG,0.0037
DHR,HRB,0.0415
DHR,HUM,0.0384
DHR,IBM,0.0319
DHR,ICE,0.0416
DHR,IP,0.0059
DHR,IRM,0.0499
DHR,JPM,0.0430
DHR,KMI,0.0112
DHR,MET,0.0200
DHR,MTB,0.0436
DHR,NRG,0.0444
DHR,OKE,0.0145
DHR,PBI,0.0361
DHR,PGR,0.0315
DHR,PNC,0.0243
DHR,PRU,0.0133
DHR,SLM,0.0341
DHR,SPG,0.0197
DHR,STI,0.0057
DHR,TRV,0.0074
DHR,VRSN,0.0089
DHR,VZ,0.0243
DHR,XYL,0.0465
DIS,TGT,0.0164
DOV,DVA,0.0067
DOV,ECL,0.0431
DOV,EMN,0.0200
DOV,EQR,0.0328
DOV,FIS,0.0390
DOV,HIG,0.0140
DOV,HUM,0.0013
DOV,JPM,0.0475
DOV,KR,0.0196
DOV,LEG,0.0299
DOV,NRG,0.0205
DOV,NVDA,0.0295
DOV,OKE,0.0416
DOV,PGR,0.0157
DOV,RL,0.0430
DOV,STI,0.0021
DOV,THC,0.0205
DOV,VZ,0.0393
DOV,WM,0.0252
DOW,DTE,0.0448
DOW,DVA,0.0275
DOW,DVN,0.0369
DOW,ECL,0.0403
DOW,EQR,0.0356
DOW,ETN,0.0373
DOW,FCX,0.0328
DOW,FIS,0.0286
DOW,FITB,0.0496
DOW,GE,0.0463
DOW,HRB,0.0461
DOW,HUM,0.0028
DOW,KLAC,0.0494
DOW,KR,0.0300
DOW,LEG,0.0307
DOW,LRCX,0.0418
DOW,MOS,0.0362
DOW,MRK,0.0128
DOW,MU,0.0309
DOW,NBR,0.0186
DOW,NFLX,0.0389
DOW,NRG,0.0398
DOW,NU,0.0489
DOW,NVDA,0.0417
DOW,PCAR,0.0379
DOW,PFE,0.0382
DOW,PGR,0.0464
DOW,PWR,0.0460
DOW,PX,0.0460
DOW,QCOM,0.0239
DOW,RL,0.0353
DOW,RSG,0.0365
DOW,S,0.0314
DOW,STI,0.0183
DOW,STX,0.0445
DOW,SYK,0.0323
DOW,THC,0.0455
DOW,TMO,0.0423
DOW,V,0.0399
DOW,VFC,0.0452
DOW,VMC,0.0428
DOW,VRSN,0.0312
DOW,VZ,0.0278
DOW,WDC,0.0253
DOW,WFC,0.0349
DOW,WHR,0.0197
DOW,WM,0.0247
DOW,YUM,0.0173
DRI,DVN,0.0100
DRI,EXPD,0.0430
DRI,EXPE,0.0335
DRI,FOSL,0.0483
DRI,HP,0.0211
DRI,HUM,0.0438
DRI,ITW,0.0151
DRI,MCD,0.0317
DRI,MDT,0.0366
DRI,MOS,0.0442
DRI,NBR,0.0078
DRI,NOV,0.0119
DRI,OXY,0.0121
DRI,S,0.0292
DRI,WY,0.0415
DTE,EBAY,0.0116
DTE,EMN,0.0275
DTE,ETR,0.0073
DTE,FE,0.0009
DTE,GLW,0.0075
DTE,JCI,0.0029
DTE,K,0.0474
DTE,KIM,0.0489
DTE,KMI,0.0330
DTE,KO,0.0003
DTE,LMT,0.0022
DTE,MMM,0.0040
DTE,MO,0.0067
DTE,MS,0.0255
DTE,NDAQ,0.0350
DTE,PBI,0.0146
DTE,PM,0.0046
DTE,PPL,0.0001
DTE,PSA,0.0440
DTE,T,0.0422
DTE,TXN,0.0031
DTE,VTR,0.0291
DUK,GLW,0.0337
DUK,IP,0.0048
DUK,KMI,0.0238
DUK,MMM,0.0140
DUK,MO,0.0392
DUK,MS,0.0379
DUK,PBI,0.0015
DUK,PM,0.0062
DUK,TXN,0.0219
DVA,ECL,0.0001
DVA,EMN,0.0498
DVA,FLS,0.0133
DVA,GE,0.0077
DVA,HUM,0.0181
DVA,ICE,0.0353
DVA,IR,0.0360
DVA,ISRG,0.0210
DVA,JPM,0.0143
DVA,KLAC,0.0411
DVA,LEN,0.0335
DVA,LOW,0.0218
DVA,MAS,0.0325
DVA,MSI,0.0468
DVA,NFLX,0.0111
DVA,NU,0.0219
DVA,NVDA,0.0230
DVA,PG,0.0039
DVA,PH,0.0294
DVA,PWR,0.0002
DVA,RSG,0.0472
DVA,TEL,0.0166
DVA,THC,0.0353
DVA,UNM,0.0162
DVN,EXPD,0.0028
DVN,FDX,0.0318
DVN,FOSL,0.0082
DVN,GNW,0.0122
DVN,HRL,0.0298
DVN,ITW,0.0163
DVN,NOV,0.0443
DVN,PCG,0.0133
DVN,SNA,0.0095
EA,NKE,0.0484
EA,OI,0.0252
EA,PRGO,0.0276
EA,UPS,0.0203
EBAY,EQR,0.0044
EBAY,GLW,0.0426
EBAY,KMI,0.0493
EBAY,MO,0.0235
EBAY,NI,0.0089
EBAY,PEG,0.0239
ECL,FLS,0.0075
ECL,GE,0.0061
ECL,HUM,0.0163
ECL,ISRG,0.0366
ECL,JPM,0.0011
ECL,KLAC,0.0172
ECL,LEN,0.0062
ECL,NFLX,0.0001
ECL,NTAP,0.0426
ECL,NU,0.0026
ECL,NVDA,0.0023
ECL,PHM,0.0149
ECL,PWR,0.0003
ECL,RSG,0.0031
ECL,STX,0.0313
ECL,TEL,0.0199
ED,GLW,0.0097
ED,K,0.0489
ED,KO,0.0022
ED,LMT,0.0082
ED,MMM,0.0259
ED,MO,0.0391
ED,NI,0.0073
ED,OXY,0.0419
ED,PBI,0.0062
ED,PM,0.0096
ED,TXN,0.0333
ED,VTR,0.0213
EFX,MU,0.0141
EIX,EQR,0.0096
EIX,PBI,0.0416
EIX,PCG,0.0148
EIX,SO,0.0055
EIX,THC,0.0263
EL,MMC,0.0222
EL,ROP,0.0324
EL,UPS,0.0346
EMN,EQR,0.0379
EMN,GS,0.0431
EMN,HIG,0.0190
EMN,HUM,0.0203
EMN,KR,0.0194
EMN,MS,0.0437
EMN,NRG,0.0265
EMN,OKE,0.0436
EMN,PEG,0.0410
EMN,PGR,0.0459
EMN,THC,0.0394
EMN,VZ,0.0186
EMR,FIS,0.0421
EMR,HUM,0.0060
EMR,LEG,0.0145
EMR,MCK,0.0216
EMR,NKE,0.0079
EMR,OI,0.0051
EMR,RSG,0.0493
EMR,SBUX,0.0144
EMR,STI,0.0077
EMR,TXT,0.0298
EMR,UPS,0.0260
EMR,VLO,0.0354
EMR,VRSN,0.0026
EMR,WDC,0.0342
EMR,WFC,0.0368
EMR,WHR,0.0417
EMR,WM,0.0182
EMR,XRAY,0.0490
EOG,EQR,0.0354
EOG,ETN,0.0459
EOG,EW,0.0468
EOG,EXC,0.0435
EOG,FHN,0.0421
EOG,FIS,0.0220
EOG,FITB,0.0337
EOG,FMC,0.0388
EOG,GD,0.0406
EOG,GILD,0.0327
EOG,GIS,0.0318
EOG,GOOG,0.0466
EOG,GPC,0.0483
EOG,GT,0.0341
EOG,HAS,0.0227
EOG,HBAN,0.0269
EOG,HRB,0.0216
EOG,HSY,0.0094
EOG,HUM,0.0390
EOG,INTC,0.0500
EOG,IPG,0.0010
EOG,KEY,0.0260
EOG,KR,0.0421
EOG,LEG,0.0288
EOG,LLY,0.0394
EOG,LNC,0.0137
EOG,LUV,0.0473
EOG,MCD,0.0245
EOG,MCK,0.0365
EOG,MET,0.0243
EOG,MMM,0.0388
EOG,MNST,0.0287
EOG,MOS,0.0497
EOG,MTB,0.0082
EOG,MU,0.0411
EOG,NDAQ,0.0372
EOG,NKE,0.0019
EOG,NRG,0.0298
EOG,NTAP,0.0377
EOG,NTRS,0.0490
EOG,NU,0.0489
EOG,NVDA,0.0447
EOG,OI,0.0025
EOG,PAYX,0.0326
EOG,PEP,0.0408
EOG,PNC,0.0326
EOG,PPG,0.0231
EOG,PRGO,0.0404
EOG,PRU,0.0285
EOG,PX,0.0475
EOG,QCOM,0.0465
EOG,RF,0.0433
EOG,RHI,0.0353
EOG,ROK,0.0220
EOG,RSG,0.0434
EOG,S,0.0500
EOG,SBUX,0.0087
EOG,SCHW,0.0303
EOG,SEE,0.0457
EOG,SJM,0.0135
EOG,STI,0.0372
EOG,STZ,0.0214
EOG,TDC,0.0107
EOG,TSN,0.0190
EOG,TXT,0.0478
EOG,UNH,0.0410
EOG,UNM,0.0481
EOG,UPS,0.0111
EOG,USB,0.0362
EOG,VNO,0.0197
EOG,VRSN,0.0012
EOG,WDC,0.0384
EOG,WFC,0.0337
EOG,WHR,0.0333
EOG,WM,0.0438
EOG,WU,0.0049
EOG,WYNN,0.0079
EOG,XEL,0.0305
EOG,XRAY,0.0039
EOG,XRX,0.0348
EOG,ZION,0.0075
EQR,GCI,0.0045
EQR,GLW,0.0127
EQR,HPQ,0.0072
EQR,IRM,0.0423
EQR,KO,0.0211
EQR,LMT,0.0443
EQR,MO,0.0012
EQR,NI,0.0148
EQR,ORCL,0.0396
EQR,PBI,0.0347
EQR,PEG,0.0374
EQR,PM,0.0127
EQR,THC,0.0117
EQR,TXN,0.0121
EQR,UNM,0.0489
EQR,WMT,0.0239
EQT,IPG,0.0460
EQT,IVZ,0.0429
EQT,NTRS,0.0358
EQT,STT,0.0255
EQT,TMO,0.0419
ETN,FLS,0.0108
ETN,HUM,0.0105
ETN,IR,0.0436
ETN,L,0.0490
ETN,NFLX,0.0337
ETN,WDC,0.0414
ETR,LMT,0.0106
ETR,MMM,0.0025
ETR,NDAQ,0.0229
EW,F,0.0267
EW,UNH,0.0136
EXC,HST,0.0093
EXC,INTC,0.0474
EXC,NEM,0.0490
EXC,PSX,0.0435
EXC,PX,0.0254
EXC,S,0.0094
EXC,SBUX,0.0265
EXC,SUN,0.0352
EXPD,EXPE,0.0082
EXPD,FAST,0.0197
EXPD,FDX,0.0377
EXPD,FFIV,0.0105
EXPD,FLS,0.0283
EXPD,FMC,0.0069
EXPD,FOSL,0.0065
EXPD,FTI,0.0408
EXPD,GE,0.0296
EXPD,GNW,0.0034
EXPD,GOOG,0.0140
EXPD,GPC,0.0028
EXPD,GWW,0.0175
EXPD,HD,0.0254
EXPD,HIG,0.0385
EXPD,HP,0.0125
EXPD,HRB,0.0141
EXPD,HRL,0.0078
EXPD,HSY,0.0306
EXPD,HUM,0.0098
EXPD,IBM,0.0208
EXPD,ICE,0.0153
EXPD,INTU,0.0159
EXPD,IR,0.0221
EXPD,IRM,0.0235
EXPD,ISRG,0.0122
EXPD,ITW,0.0143
EXPD,JBL,0.0416
EXPD,KLAC,0.0155
EXPD,L,0.0334
EXPD,LEG,0.0234
EXPD,LEN,0.0069
EXPD,LH,0.0279
EXPD,LLY,0.0160
EXPD,LOW,0.0296
EXPD,LRCX,0.0296
EXPD,MA,0.0165
EXPD,MAR,0.0170
EXPD,MAS,0.0104
EXPD,MCK,0.0298
EXPD,MCO,0.0065
EXPD,MDT,0.0367
EXPD,MMC,0.0129
EXPD,MOS,0.0007
EXPD,MSFT,0.0053
EXPD,MSI,0.0191
EXPD,NBR,0.0014
EXPD,NFLX,0.0094
EXPD,NOV,0.0441
EXPD,NRG,0.0249
EXPD,NTAP,0.0205
EXPD,NU,0.0107
EXPD,NVDA,0.0152
EXPD,NWL,0.0210
EXPD,NWSA,0.0238
EXPD,OI,0.0217
EXPD,ORCL,0.0103
EXPD,ORLY,0.0174
EXPD,OXY,0.0171
EXPD,PAYX,0.0114
EXPD,PCG,0.0114
EXPD,PEG,0.0351
EXPD,PFE,0.0117
EXPD,PG,0.0275
EXPD,PGR,0.0311
EXPD,PH,0.0177
EXPD,PHM,0.0047
EXPD,PRGO,0.0447
EXPD,PSA,0.0345
EXPD,PWR,0.0190
EXPD,R,0.0443
EXPD,RL,0.0256
EXPD,ROP,0.0042
EXPD,ROST,0.0159
EXPD,RSG,0.0090
EXPD,S,0.0190
EXPD,SEE,0.0233
EXPD,SHW,0.0128
EXPD,SJM,0.0353
EXPD,SLM,0.0405
EXPD,SNA,0.0010
EXPD,SO,0.0198
EXPD,SPG,0.0305
EXPD,STI,0.0277
EXPD,STX,0.0122
EXPD,STZ,0.0241
EXPD,SUN,0.0249
EXPD,SWK,0.0050
EXPD,SYK,0.0233
EXPD,TE,0.0105
EXPD,TEL,0.0273
EXPD,THC,0.0153
EXPD,TJX,0.0172
EXPD,UNM,0.0268
EXPD,UNP,0.0140
EXPD,UPS,0.0210
EXPD,URBN,0.0144
EXPD,V,0.0174
EXPD,VFC,0.0405
EXPD,VMC,0.0257
EXPD,VNO,0.0141
EXPD,VTR,0.0370
EXPD,VZ,0.0320
EXPD,WDC,0.0373
EXPD,WHR,0.0335
EXPD,WM,0.0223
EXPD,WMB,0.0354
EXPD,WMT,0.0242
EXPE,ITW,0.0367
EXPE,LH,0.0081
EXPE,S,0.0268
EXPE,SUN,0.0343
EXPE,UNP,0.0020
F,FAST,0.0070
F,FCX,0.0239
F,FDX,0.0084
F,FE,0.0055
F,FFIV,0.0060
F,FHN,0.0043
F,FIS,0.0050
F,FITB,0.0067
F,FMC,0.0442
F,FOSL,0.0412
F,FSLR,0.0080
F,FTI,0.0071
F,GD,0.0059
F,GILD,0.0011
F,GIS,0.0441
F,GME,0.0425
F,GNW,0.0078
F,GOOG,0.0083
F,GPC,0.0051
F,GS,0.0091
F,GT,0.0036
F,GWW,0.0072
F,HAL,0.0077
F,HAS,0.0035
F,HBAN,0.0076
F,HD,0.0088
F,HIG,0.0064
F,HP,0.0064
F,HPQ,0.0136
F,HRB,0.0414
F,HRL,0.0438
F,HSY,0.0048
F,HUM,0.0027
F,IBM,0.0069
F,ICE,0.0084
F,IFF,0.0449
F,INTU,0.0063
F,IP,0.0060
F,IR,0.0092
F,IRM,0.0064
F,ISRG,0.0071
F,ITW,0.0200
F,JCI,0.0409
F,JNJ,0.0407
F,JPM,0.0088
F,K,0.0379
F,KEY,0.0417
F,KIM,0.0069
F,KMB,0.0076
F,KMI,0.0065
F,KMX,0.0417
F,KO,0.0055
F,KR,0.0033
F,KSS,0.0046
F,L,0.0068
F,LEG,0.0429
F,LEN,0.0064
F,LH,0.0068
F,LMT,0.0338
F,LNC,0.0439
F,LOW,0.0088
F,LRCX,0.0224
F,LUV,0.0119
F,M,0.0056
F,MA,0.0076
F,MAR,0.0083
F,MAS,0.0066
F,MAT,0.0049
F,MCD,0.0069
F,MCHP,0.0254
F,MCK,0.0041
F,MCO,0.0080
F,MDT,0.0055
F,MKC,0.0040
F,MMC,0.0099
F,MMM,0.0406
F,MNST,0.0018
F,MO,0.0061
F,MOS,0.0411
F,MPC,0.0053
F,MRK,0.0080
F,MSFT,0.0087
F,MSI,0.0067
F,MTB,0.0451
F,MU,0.0439
F,MUR,0.0066
F,NBR,0.0385
F,NDAQ,0.0388
F,NE,0.0061
F,NEE,0.0052
F,NEM,0.0354
F,NI,0.0068
F,NKE,0.0339
F,NOC,0.0179
F,NOV,0.0373
F,NSC,0.0080
F,NUE,0.0175
F,NWSA,0.0076
F,OI,0.0058
F,OKE,0.0081
F,OMC,0.0324
F,ORLY,0.0051
F,OXY,0.0051
F,PAYX,0.0067
F,PCAR,0.0068
F,PCG,0.0067
F,PEG,0.0064
F,PEP,0.0026
F,PFE,0.0432
F,PG,0.0051
F,PGR,0.0062
F,PH,0.0090
F,PHM,0.0061
F,PM,0.0056
F,PNC,0.0066
F,PNW,0.0107
F,PPG,0.0182
F,PPL,0.0056
F,PRGO,0.0434
F,PSA,0.0072
F,PSX,0.0062
F,PX,0.0044
F,QCOM,0.0105
F,R,0.0069
F,RF,0.0095
F,RHI,0.0458
F,RL,0.0124
F,ROST,0.0078
F,RRC,0.0039
F,RSG,0.0060
F,S,0.0053
F,SBUX,0.0162
F,SCHW,0.0420
F,SE,0.0065
F,SEE,0.0053
F,SJM,0.0051
F,SLB,0.0089
F,SO,0.0053
F,SPG,0.0089
F,SRE,0.0393
F,STI,0.0451
F,STZ,0.0065
F,SUN,0.0073
F,SWK,0.0111
F,SYK,0.0070
F,SYY,0.0060
F,T,0.0392
F,TAP,0.0041
F,TDC,0.0054
F,TE,0.0053
F,TEL,0.0183
F,TER,0.0419
F,TGT,0.0063
F,THC,0.0052
F,TMO,0.0035
F,TRIP,0.0046
F,TROW,0.0036
F,TSN,0.0052
F,TXN,0.0210
F,TXT,0.0085
F,UNH,0.0171
F,UNM,0.0084
F,UNP,0.0066
F,UPS,0.0063
F,URBN,0.0060
F,USB,0.0067
F,V,0.0107
F,VFC,0.0288
F,VLO,0.0042
F,VMC,0.0041
F,VNO,0.0468
F,VRSN,0.0411
F,VTR,0.0061
F,VZ,0.0062
F,WAT,0.0056
F,WEC,0.0297
F,WFC,0.0082
F,WHR,0.0097
F,WM,0.0063
F,WMB,0.0069
F,WU,0.0077
F,WY,0.0046
F,WYNN,0.0098
F,XEL,0.0017
F,XOM,0.0081
F,XRAY,0.0055
F,XYL,0.0086
F,YUM,0.0017
F,ZION,0.0422
FAST,GWW,0.0297
FAST,HUM,0.0175
FAST,INTU,0.0231
FAST,MA,0.0329
FAST,MAR,0.0116
FAST,ORLY,0.0207
FAST,S,0.0244
FAST,SUN,0.0422
FAST,UNP,0.0488
FAST,V,0.0032
FCX,FIS,0.0230
FCX,HUM,0.0109
FCX,KR,0.0241
FCX,MU,0.0383
FCX,NRG,0.0395
FCX,QCOM,0.0216
FCX,STI,0.0423
FCX,TROW,0.0277
FCX,VRSN,0.0219
FCX,VZ,0.0440
FCX,WDC,0.0323
FCX,WFC,0.0396
FCX,XYL,0.0437
FDX,FOSL,0.0215
FDX,GPC,0.0100
FDX,MOS,0.0122
FDX,NBR,0.0071
FDX,NKE,0.0487
FDX,NWL,0.0398
FDX,SEE,0.0405
FE,GLW,0.0368
FE,JCI,0.0479
FE,K,0.0328
FE,KO,0.0026
FE,LMT,0.0028
FE,MMM,0.0185
FE,PBI,0.0263
FE,PM,0.0072
FE,PPL,0.0012
FE,SRE,0.0268
FE,T,0.0254
FE,TXN,0.0161
FE,VTR,0.0389
FFIV,HD,0.0133
FFIV,IBM,0.0000
FFIV,PAYX,0.0155
FFIV,SHW,0.0006
FFIV,SPG,0.0347
FFIV,VNO,0.0315
FHN,HOG,0.0356
FIS,FITB,0.0032
FIS,GD,0.0297
FIS,GS,0.0179
FIS,HBAN,0.0326
FIS,HIG,0.0300
FIS,IP,0.0496
FIS,KMI,0.0366
FIS,MET,0.0083
FIS,MTB,0.0043
FIS,NDAQ,0.0456
FIS,PNC,0.0033
FIS,PRU,0.0207
FIS,TRV,0.0211
FIS,VRSN,0.0188
FITB,MTB,0.0300
FITB,PNC,0.0038
FLR,GD,0.0449
FLR,GS,0.0464
FLR,HIG,0.0284
FLR,HRB,0.0001
FLR,IP,0.0052
FLR,KMI,0.0315
FLR,LEG,0.0252
FLR,MTB,0.0390
FLR,NKE,0.0273
FLR,NRG,0.0388
FLR,NTAP,0.0279
FLR,OI,0.0013
FLR,OKE,0.0157
FLR,PAYX,0.0390
FLR,PBI,0.0312
FLR,PGR,0.0235
FLR,PRGO,0.0400
FLR,PRU,0.0220
FLR,R,0.0363
FLR,STI,0.0396
FLR,STX,0.0260
FLR,TJX,0.0338
FLR,UPS,0.0050
FLR,VNO,0.0095
FLR,VZ,0.0461
FLR,WHR,0.0347
FLR,WMB,0.0113
FLS,FTI,0.0189
FLS,GE,0.0023
FLS,GOOG,0.0124
FLS,HUM,0.0071
FLS,JPM,0.0435
FLS,KLAC,0.0062
FLS,LEG,0.0116
FLS,LLY,0.0230
FLS,MOS,0.0178
FLS,NBR,0.0231
FLS,NFLX,0.0030
FLS,NKE,0.0456
FLS,NRG,0.0308
FLS,NTAP,0.0391
FLS,NU,0.0065
FLS,NVDA,0.0094
FLS,PHM,0.0238
FLS,PWR,0.0029
FLS,RSG,0.0083
FLS,STX,0.0138
FLS,TEL,0.0442
FLS,UNM,0.0425
FLS,WDC,0.0453
FLS,WHR,0.0380
FMC,GPC,0.0250
FMC,JBL,0.0346
FMC,ROP,0.0065
FMC,RRC,0.0395
FOSL,INTU,0.0341
FOSL,MSFT,0.0400
FOSL,NWL,0.0195
FOSL,PFE,0.0023
FOSL,ROP,0.0213
FOSL,SEE,0.0435
FOSL,SNA,0.0264
FSLR,HPQ,0.0151
FSLR,KMB,0.0056
FSLR,KO,0.0493
FSLR,MO,0.0192
FSLR,NI,0.0289
FSLR,PNW,0.0246
FSLR,RHI,0.0256
FSLR,SE,0.0263
FSLR,SO,0.0359
FSLR,TXN,0.0235
FTI,GOOG,0.0169
FTI,LEG,0.0083
FTI,LLY,0.0284
FTI,NBR,0.0456
FTI,NKE,0.0225
FTI,OI,0.0304
FTI,UPS,0.0464
GCI,IP,0.0319
GCI,KMI,0.0210
GCI,MO,0.0176
GCI,NI,0.0254
GCI,PEG,0.0381
GCI,PM,0.0145
GCI,SO,0.0197
GCI,TXN,0.0359
GD,NRG,0.0229
GD,OI,0.0036
GD,PRU,0.0242
GD,VRSN,0.0034
GD,WHR,0.0240
GE,LEG,0.0484
GE,PWR,0.0376
GILD,GOOG,0.0487
GILD,LRCX,0.0330
GILD,MCHP,0.0434
GILD,MCK,0.0387
GILD,MPC,0.0396
GILD,MRK,0.0333
GILD,MU,0.0285
GILD,MUR,0.0144
GILD,NE,0.0416
GILD,NEM,0.0443
GILD,OXY,0.0198
GILD,PCAR,0.0380
GILD,PSA,0.0486
GILD,PSX,0.0408
GILD,PX,0.0307
GILD,RRC,0.0036
GILD,SBUX,0.0282
GILD,URBN,0.0380
GILD,VFC,0.0134
GILD,VLO,0.0189
GILD,VMC,0.0486
GILD,WEC,0.0078
GILD,XEL,0.0008
GLW,KO,0.0030
GLW,LMT,0.0099
GLW,MMM,0.0185
GLW,MO,0.0014
GLW,NI,0.0076
GLW,PM,0.0080
GLW,PPL,0.0206
GLW,TXN,0.0018
GME,INTC,0.0122
GME,NEE,0.0201
GME,RHI,0.0383
GNW,GOOG,0.0038
GNW,GPC,0.0004
GNW,GS,0.0132
GNW,GWW,0.0019
GNW,HAS,0.0346
GNW,HBAN,0.0243
GNW,HD,0.0046
GNW,HIG,0.0065
GNW,HOG,0.0345
GNW,HP,0.0068
GNW,HPQ,0.0316
GNW,HRB,0.0005
GNW,HRL,0.0024
GNW,HSY,0.0039
GNW,HUM,0.0012
GNW,IBM,0.0043
GNW,ICE,0.0020
GNW,IFF,0.0444
GNW,INTU,0.0009
GNW,IP,0.0065
GNW,IR,0.0040
GNW,IRM,0.0030
GNW,ISRG,0.0086
GNW,ITW,0.0017
GNW,JBL,0.0300
GNW,JNJ,0.0430
GNW,JPM,0.0039
GNW,K,0.0407
GNW,KEY,0.0326
GNW,KIM,0.0371
GNW,KLAC,0.0025
GNW,KMI,0.0131
GNW,KMX,0.0289
GNW,KO,0.0279
GNW,KR,0.0147
GNW,KSS,0.0489
GNW,L,0.0026
GNW,LEG,0.0016
GNW,LEN,0.0010
GNW,LH,0.0112
GNW,LLY,0.0019
GNW,LOW,0.0044
GNW,LRCX,0.0097
GNW,LUV,0.0044
GNW,M,0.0471
GNW,MA,0.0007
GNW,MAR,0.0033
GNW,MAS,0.0013
GNW,MAT,0.0489
GNW,MCHP,0.0419
GNW,MCK,0.0093
GNW,MCO,0.0016
GNW,MDT,0.0293
GNW,MET,0.0303
GNW,MKC,0.0262
GNW,MMC,0.0040
GNW,MMM,0.0154
GNW,MO,0.0364
GNW,MOS,0.0017
GNW,MPC,0.0161
GNW,MS,0.0230
GNW,MSFT,0.0031
GNW,MSI,0.0035
GNW,MTB,0.0154
GNW,MU,0.0134
GNW,MUR,0.0453
GNW,NBR,0.0004
GNW,NDAQ,0.0214
GNW,NEM,0.0454
GNW,NFLX,0.0020
GNW,NI,0.0143
GNW,NKE,0.0064
GNW,NOV,0.0266
GNW,NRG,0.0029
GNW,NTAP,0.0034
GNW,NTRS,0.0291
GNW,NU,0.0012
GNW,NVDA,0.0026
GNW,NWL,0.0112
GNW,NWSA,0.0043
GNW,OI,0.0028
GNW,OKE,0.0058
GNW,ORCL,0.0061
GNW,ORLY,0.0021
GNW,OXY,0.0017
GNW,PAYX,0.0029
GNW,PBI,0.0147
GNW,PCAR,0.0156
GNW,PCG,0.0235
GNW,PEG,0.0075
GNW,PEP,0.0458
GNW,PFE,0.0017
GNW,PG,0.0113
GNW,PGR,0.0023
GNW,PH,0.0014
GNW,PHM,0.0004
GNW,PM,0.0324
GNW,PNC,0.0095
GNW,PPL,0.0258
GNW,PRGO,0.0046
GNW,PRU,0.0197
GNW,PSA,0.0086
GNW,PSX,0.0309
GNW,PWR,0.0036
GNW,PX,0.0396
GNW,QCOM,0.0101
GNW,R,0.0005
GNW,RF,0.0287
GNW,RHI,0.0416
GNW,RL,0.0056
GNW,ROP,0.0004
GNW,ROST,0.0013
GNW,RSG,0.0011
GNW,S,0.0011
GNW,SBUX,0.0221
GNW,SCHW,0.0492
GNW,SE,0.0419
GNW,SEE,0.0070
GNW,SHW,0.0022
GNW,SJM,0.0024
GNW,SLM,0.0158
GNW,SNA,0.0023
GNW,SO,0.0031
GNW,SPG,0.0045
GNW,SRE,0.0179
GNW,STI,0.0037
GNW,STX,0.0004
GNW,STZ,0.0360
GNW,SUN,0.0029
GNW,SWK,0.0022
GNW,SYK,0.0019
GNW,T,0.0375
GNW,TDC,0.0450
GNW,TE,0.0005
GNW,TEL,0.0043
GNW,TER,0.0205
GNW,TGT,0.0483
GNW,THC,0.0021
GNW,TJX,0.0040
GNW,TMO,0.0318
GNW,TRIP,0.0468
GNW,TRV,0.0226
GNW,TXN,0.0280
GNW,TXT,0.0130
GNW,UNH,0.0131
GNW,UNM,0.0164
GNW,UNP,0.0013
GNW,UPS,0.0014
GNW,URBN,0.0151
GNW,USB,0.0150
GNW,V,0.0038
GNW,VFC,0.0153
GNW,VMC,0.0074
GNW,VNO,0.0013
GNW,VRSN,0.0083
GNW,VTR,0.0149
GNW,VZ,0.0049
GNW,WAT,0.0472
GNW,WDC,0.0055
GNW,WFC,0.0130
GNW,WHR,0.0010
GNW,WM,0.0040
GNW,WMB,0.0067
GNW,WMT,0.0061
GNW,WU,0.0347
GNW,XEL,0.0448
GNW,XRAY,0.0150
GNW,XYL,0.0378
GNW,YUM,0.0277
GNW,ZION,0.0224
GOOG,LEG,0.0161
GOOG,MCK,0.0269
GOOG,MOS,0.0180
GOOG,NBR,0.0477
GOOG,UPS,0.0285
GOOG,URBN,0.0244
GPC,HRL,0.0004
GPC,INTU,0.0220
GPC,JBL,0.0123
GPC,MMC,0.0184
GPC,MSFT,0.0306
GPC,NWL,0.0165
GPC,PCG,0.0343
GPC,PFE,0.0218
GPC,ROP,0.0048
GPC,SEE,0.0311
GPC,SNA,0.0256
GPC,SUN,0.0341
GPC,TE,0.0062
GPC,TJX,0.0443
GPC,URBN,0.0248
GPC,V,0.0408
GS,MTB,0.0293
GS,STI,0.0304
GT,IFF,0.0266
GT,K,0.0216
GT,KO,0.0401
GT,LMT,0.0066
GT,MMM,0.0154
GT,MNST,0.0412
GT,MO,0.0295
GT,NDAQ,0.0126
GT,NEE,0.0457
GT,NEM,0.0126
GT,NI,0.0447
GT,NOC,0.0398
GT,PM,0.0276
GT,PPL,0.0234
GT,PSA,0.0221
GT,SE,0.0422
GT,SRE,0.0088
GT,STT,0.0435
GT,T,0.0044
GT,TDC,0.0419
GT,TSN,0.0258
GT,WEC,0.0294
GT,XOM,0.0466
GWW,HUM,0.0024
GWW,LEN,0.0078
GWW,MA,0.0199
GWW,MAS,0.0071
GWW,NBR,0.0156
GWW,NFLX,0.0104
GWW,NU,0.0380
GWW,ORLY,0.0272
GWW,PH,0.0383
GWW,PHM,0.0495
GWW,RL,0.0127
GWW,RSG,0.0148
GWW,SYK,0.0175
GWW,V,0.0243
GWW,WM,0.0439
HAL,HP,0.0206
HAL,HPQ,0.0218
HAL,IFF,0.0436
HAL,IPG,0.0360
HAL,IRM,0.0448
HAL,ISRG,0.0423
HAL,JCI,0.0372
HAL,K,0.0325
HAL,KIM,0.0350
HAL,KMB,0.0079
HAL,KMI,0.0429
HAL,KO,0.0162
HAL,KSS,0.0442
HAL,LMT,0.0015
HAL,MAT,0.0298
HAL,MCD,0.0307
HAL,MDT,0.0086
HAL,MMM,0.0287
HAL,MO,0.0100
HAL,MSI,0.0356
HAL,MUR,0.0178
HAL,NDAQ,0.0358
HAL,NEE,0.0208
HAL,NEM,0.0451
HAL,NI,0.0127
HAL,NOC,0.0382
HAL,OMC,0.0087
HAL,OXY,0.0276
HAL,PBI,0.0327
HAL,PCG,0.0220
HAL,PEG,0.0315
HAL,PM,0.0218
HAL,PNW,0.0231
HAL,PPL,0.0153
HAL,PSA,0.0031
HAL,RHI,0.0374
HAL,SE,0.0018
HAL,SO,0.0229
HAL,SRE,0.0185
HAL,T,0.0155
HAL,THC,0.0333
HAL,TMO,0.0384
HAL,TRIP,0.0381
HAL,TXN,0.0150
HAL,UNH,0.0328
HAL,VTR,0.0099
HAL,VZ,0.0441
HAL,WEC,0.0252
HAL,WMT,0.0485
HBAN,MTB,0.0310
HBAN,NTRS,0.0354
HBAN,PFG,0.0162
HBAN,TSN,0.0457
HD,HUM,0.0330
HD,IBM,0.0060
HD,PAYX,0.0366
HD,SHW,0.0390
HD,UNP,0.0254
HIG,HUM,0.0320
HIG,OKE,0.0040
HIG,PGR,0.0445
HIG,SPG,0.0382
HIG,STI,0.0210
HON,HP,0.0381
HON,HPQ,0.0300
HON,HRB,0.0084
HON,HRL,0.0356
HON,HST,0.0455
HON,HSY,0.0226
HON,HUM,0.0104
HON,IBM,0.0257
HON,ICE,0.0289
HON,IFF,0.0010
HON,INTC,0.0285
HON,INTU,0.0437
HON,IP,0.0212
HON,IR,0.0391
HON,IRM,0.0227
HON,ISRG,0.0279
HON,IVZ,0.0196
HON,JBL,0.0450
HON,JCI,0.0194
HON,JNJ,0.0253
HON,JPM,0.0361
HON,K,0.0108
HON,KEY,0.0100
HON,KLAC,0.0354
HON,KMI,0.0174
HON,KMX,0.0388
HON,KO,0.0310
HON,KR,0.0256
HON,KSS,0.0380
HON,LEG,0.0173
HON,LEN,0.0385
HON,LLY,0.0255
HON,LNC,0.0224
HON,LOW,0.0433
HON,LUV,0.0323
HON,M,0.0341
HON,MAS,0.0461
HON,MAT,0.0053
HON,MCK,0.0306
HON,MCO,0.0367
HON,MDT,0.0302
HON,MET,0.0149
HON,MKC,0.0375
HON,MMM,0.0106
HON,MNST,0.0334
HON,MO,0.0329
HON,MOS,0.0245
HON,MS,0.0147
HON,MSFT,0.0417
HON,MSI,0.0311
HON,MTB,0.0004
HON,MU,0.0223
HON,MUR,0.0239
HON,NBR,0.0202
HON,NDAQ,0.0066
HON,NE,0.0371
HON,NEE,0.0111
HON,NEM,0.0167
HON,NFLX,0.0418
HON,NI,0.0395
HON,NKE,0.0122
HON,NOC,0.0352
HON,NOV,0.0387
HON,NRG,0.0118
HON,NSC,0.0082
HON,NTAP,0.0140
HON,NTRS,0.0071
HON,NU,0.0429
HON,NVDA,0.0186
HON,NWL,0.0359
HON,OI,0.0035
HON,OKE,0.0409
HON,ORCL,0.0473
HON,OXY,0.0187
HON,PAYX,0.0406
HON,PBI,0.0162
HON,PEG,0.0364
HON,PFE,0.0341
HON,PFG,0.0187
HON,PGR,0.0225
HON,PHM,0.0355
HON,PM,0.0333
HON,PNC,0.0045
HON,PPL,0.0183
HON,PRGO,0.0083
HON,PRU,0.0176
HON,PSA,0.0108
HON,PX,0.0247
HON,QCOM,0.0098
HON,RF,0.0011
HON,RHI,0.0140
HON,RL,0.0433
HON,ROST,0.0401
HON,RRC,0.0439
HON,RSG,0.0196
HON,S,0.0420
HON,SBUX,0.0271
HON,SCHW,0.0039
HON,SE,0.0403
HON,SEE,0.0292
HON,SHW,0.0324
HON,SJM,0.0278
HON,SLB,0.0150
HON,SLM,0.0068
HON,SO,0.0243
HON,SPG,0.0293
HON,SRE,0.0023
HON,STI,0.0074
HON,STT,0.0480
HON,STX,0.0393
HON,SUN,0.0471
HON,SYY,0.0321
HON,T,0.0134
HON,TAP,0.0262
HON,TDC,0.0058
HON,TE,0.0470
HON,TER,0.0291
HON,TGT,0.0168
HON,THC,0.0264
HON,TJX,0.0435
HON,TMO,0.0257
HON,TRIP,0.0323
HON,TROW,0.0051
HON,TRV,0.0317
HON,TSN,0.0097
HON,TXN,0.0156
HON,UNH,0.0403
HON,UPS,0.0175
HON,USB,0.0135
HON,VFC,0.0387
HON,VNO,0.0092
HON,VRSN,0.0073
HON,VTR,0.0177
HON,VZ,0.0054
HON,WAT,0.0171
HON,WDC,0.0367
HON,WEC,0.0245
HON,WFC,0.0243
HON,WHR,0.0196
HON,WM,0.0140
HON,WMB,0.0253
HON,WMT,0.0240
HON,WU,0.0368
HON,WYNN,0.0259
HON,XEL,0.0306
HON,XRAY,0.0050
HON,XRX,0.0212
HON,XYL,0.0142
HON,ZION,0.0075
HP,MCD,0.0254
HP,MDT,0.0451
HP,OMC,0.0122
HP,PCG,0.0025
HPQ,KO,0.0478
HPQ,PEG,0.0407
HPQ,SO,0.0168
HPQ,TER,0.0067
HPQ,THC,0.0079
HPQ,TXN,0.0306
HRB,PAYX,0.0258
HRB,UPS,0.0288
HRB,WMB,0.0128
HRL,JBL,0.0480
HRL,NBR,0.0220
HRL,PFE,0.0294
HRL,ROP,0.0254
HRL,TE,0.0095
HST,S,0.0071
HUM,ICE,0.0474
HUM,IR,0.0019
HUM,JPM,0.0097
HUM,KLAC,0.0417
HUM,KR,0.0333
HUM,L,0.0095
HUM,LEN,0.0148
HUM,LOW,0.0113
HUM,MA,0.0026
HUM,MAR,0.0422
HUM,MAS,0.0050
HUM,MRK,0.0348
HUM,NFLX,0.0253
HUM,OKE,0.0418
HUM,ORLY,0.0210
HUM,PH,0.0193
HUM,PWR,0.0387
HUM,RL,0.0005
HUM,RSG,0.0443
HUM,SHW,0.0380
HUM,SLM,0.0277
HUM,SPG,0.0118
HUM,STI,0.0021
HUM,SYK,0.0033
HUM,TEL,0.0231
HUM,TRV,0.0266
HUM,TXT,0.0188
HUM,UNM,0.0429
HUM,UNP,0.0468
HUM,V,0.0111
HUM,VMC,0.0266
HUM,WDC,0.0455
HUM,WFC,0.0310
HUM,WM,0.0079
HUM,XYL,0.0362
IBM,PAYX,0.0131
IBM,SHW,0.0230
IBM,UNP,0.0419
ICE,ISRG,0.0486
ICE,JPM,0.0464
ICE,PAYX,0.0410
ICE,SHW,0.0488
INTC,NEE,0.0330
INTC,NEM,0.0245
INTU,L,0.0131
INTU,MAR,0.0020
INTU,MOS,0.0389
INTU,NBR,0.0329
INTU,PSX,0.0299
INTU,ROP,0.0048
INTU,SUN,0.0044
INTU,TE,0.0094
INTU,UNP,0.0318
INTU,UPS,0.0225
INTU,URBN,0.0039
INTU,V,0.0065
IP,IRM,0.0421
IP,KMI,0.0002
IP,MO,0.0301
IP,OKE,0.0200
IP,PBI,0.0005
IP,PEG,0.0316
IP,PM,0.0239
IP,SO,0.0400
IPG,MKC,0.0449
IPG,MUR,0.0010
IPG,OXY,0.0278
IPG,PRGO,0.0464
IPG,RRC,0.0067
IPG,SJM,0.0199
IPG,WHR,0.0380
IR,JPM,0.0401
IR,KLAC,0.0123
IR,L,0.0118
IR,LEG,0.0298
IR,LLY,0.0359
IR,MA,0.0297
IR,NFLX,0.0004
IR,NU,0.0292
IR,NWSA,0.0344
IR,RL,0.0210
IR,RSG,0.0022
IR,STX,0.0249
IR,TEL,0.0382
IR,WDC,0.0203
IR,WM,0.0407
IRM,WMT,0.0056
ISRG,NRG,0.0361
ISRG,PG,0.0349
ISRG,RSG,0.0257
ISRG,THC,0.0042
ITW,JBL,0.0222
ITW,JPM,0.0356
ITW,KLAC,0.0207
ITW,KR,0.0259
ITW,L,0.0379
ITW,LEG,0.0184
ITW,LEN,0.0038
ITW,LH,0.0368
ITW,LLY,0.0168
ITW,LOW,0.0202
ITW,LRCX,0.0216
ITW,LUV,0.0469
ITW,MA,0.0096
ITW,MAR,0.0039
ITW,MAS,0.0022
ITW,MCK,0.0448
ITW,MCO,0.0282
ITW,MDT,0.0258
ITW,MMM,0.0469
ITW,MOS,0.0044
ITW,MPC,0.0422
ITW,MSFT,0.0094
ITW,MSI,0.0359
ITW,MU,0.0412
ITW,NBR,0.0007
ITW,NFLX,0.0095
ITW,NKE,0.0321
ITW,NOV,0.0227
ITW,NRG,0.0159
ITW,NTAP,0.0240
ITW,NU,0.0084
ITW,NVDA,0.0179
ITW,NWL,0.0225
ITW,NWSA,0.0343
ITW,OI,0.0270
ITW,ORLY,0.0165
ITW,OXY,0.0058
ITW,PCAR,0.0129
ITW,PEG,0.0396
ITW,PFE,0.0034
ITW,PGR,0.0212
ITW,PH,0.0118
ITW,PHM,0.0048
ITW,PNC,0.0272
ITW,PSA,0.0196
ITW,PSX,0.0351
ITW,PWR,0.0161
ITW,QCOM,0.0317
ITW,R,0.0254
ITW,RL,0.0135
ITW,ROP,0.0307
ITW,ROST,0.0256
ITW,RSG,0.0060
ITW,S,0.0013
ITW,SEE,0.0179
ITW,SHW,0.0093
ITW,SJM,0.0221
ITW,SLM,0.0263
ITW,SNA,0.0069
ITW,SO,0.0259
ITW,SPG,0.0309
ITW,STI,0.0123
ITW,STX,0.0104
ITW,STZ,0.0279
ITW,SUN,0.0103
ITW,SWK,0.0103
ITW,SYK,0.0089
ITW,TE,0.0099
ITW,THC,0.0168
ITW,TRV,0.0491
ITW,UNM,0.0121
ITW,UNP,0.0037
ITW,UPS,0.0207
ITW,URBN,0.0327
ITW,USB,0.0338
ITW,V,0.0080
ITW,VFC,0.0267
ITW,VMC,0.0119
ITW,VNO,0.0059
ITW,VRSN,0.0446
ITW,VTR,0.0486
ITW,VZ,0.0147
ITW,WDC,0.0246
ITW,WFC,0.0334
ITW,WHR,0.0152
ITW,WM,0.0092
ITW,WMB,0.0474
ITW,WMT,0.0369
ITW,WY,0.0143
IVZ,JNJ,0.0333
IVZ,K,0.0221
IVZ,KEY,0.0378
IVZ,KIM,0.0274
IVZ,KO,0.0476
IVZ,LMT,0.0499
IVZ,MTB,0.0299
IVZ,NDAQ,0.0367
IVZ,NEE,0.0161
IVZ,NEM,0.0445
IVZ,NOC,0.0449
IVZ,NSC,0.0332
IVZ,NTRS,0.0090
IVZ,PPL,0.0290
IVZ,PSA,0.0353
IVZ,RF,0.0102
IVZ,RRC,0.0276
IVZ,SCHW,0.0446
IVZ,SEE,0.0335
IVZ,SRE,0.0164
IVZ,STT,0.0450
IVZ,SYY,0.0299
IVZ,T,0.0431
IVZ,TMO,0.0320
IVZ,TSN,0.0099
IVZ,USB,0.0421
IVZ,WAT,0.0235
IVZ,WEC,0.0180
IVZ,XEL,0.0401
IVZ,ZION,0.0471
JBL,PFE,0.0179
JBL,SEE,0.0168
JCI,TXN,0.0280
JPM,KLAC,0.0036
JPM,LEG,0.0165
JPM,LEN,0.0461
JPM,LLY,0.0363
JPM,MAS,0.0444
JPM,NFLX,0.0020
JPM,NKE,0.0444
JPM,NRG,0.0279
JPM,NTAP,0.0256
JPM,NU,0.0165
JPM,NVDA,0.0126
JPM,OI,0.0418
JPM,RL,0.0277
JPM,RSG,0.0010
JPM,STI,0.0196
JPM,STX,0.0066
JPM,TEL,0.0361
JPM,UPS,0.0452
K,LMT,0.0130
KEY,PFG,0.0151
KEY,WAT,0.0306
KIM,MMM,0.0375
KIM,MTB,0.0394
KIM,SRE,0.0239
KLAC,L,0.0033
KLAC,LEG,0.0020
KLAC,LLY,0.0132
KLAC,MCK,0.0015
KLAC,NFLX,0.0002
KLAC,NTAP,0.0358
KLAC,NVDA,0.0166
KLAC,NWSA,0.0012
KLAC,PG,0.0241
KLAC,RL,0.0448
KLAC,RSG,0.0033
KLAC,STX,0.0164
KLAC,TEL,0.0228
KLAC,UPS,0.0373
KLAC,WHR,0.0320
KMB,RHI,0.0033
KMB,SE,0.0305
KMB,SLB,0.0149
KMB,SRE,0.0419
KMB,TXN,0.0155
KMI,PBI,0.0002
KMI,PEG,0.0314
KMX,MDT,0.0486
KMX,SNA,0.0445
KMX,STZ,0.0367
KO,LMT,0.0461
KO,NI,0.0031
KO,PBI,0.0444
KO,PPL,0.0307
KO,PSA,0.0191
KO,TXN,0.0279
KO,VTR,0.0496
KR,LOW,0.0335
KR,PWR,0.0422
KR,XOM,0.0342
KSS,M,0.0480
KSS,MO,0.0441
KSS,NI,0.0490
KSS,NOV,0.0200
KSS,NUE,0.0452
KSS,PCG,0.0362
KSS,PFG,0.0429
KSS,PNW,0.0177
KSS,SCHW,0.0126
KSS,SE,0.0488
KSS,TRIP,0.0072
KSS,XRX,0.0262
L,LEG,0.0152
L,LEN,0.0431
L,LLY,0.0101
L,MAS,0.0227
L,NFLX,0.0048
L,NU,0.0200
L,NWSA,0.0027
L,OI,0.0358
L,PH,0.0134
L,R,0.0170
L,ROST,0.0342
L,RSG,0.0070
L,S,0.0443
L,STI,0.0304
L,STX,0.0019
L,UNP,0.0376
L,UPS,0.0086
L,WDC,0.0415
L,WHR,0.0095
L,WM,0.0392
LEG,LLY,0.0158
LEG,MCK,0.0265
LEG,MMC,0.0264
LEG,NTAP,0.0108
LEG,NVDA,0.0076
LEG,NWSA,0.0392
LEG,PG,0.0396
LEG,PWR,0.0480
LEG,RSG,0.0343
LEG,STX,0.0490
LEG,TEL,0.0358
LEG,TJX,0.0353
LEG,WDC,0.0413
LEG,WMB,0.0239
LEN,MA,0.0096
LEN,MAS,0.0318
LEN,MOS,0.0475
LEN,NBR,0.0288
LEN,NFLX,0.0133
LEN,ORLY,0.0108
LEN,PH,0.0091
LEN,PHM,0.0343
LEN,RSG,0.0109
LEN,TEL,0.0486
LEN,V,0.0491
LH,NU,0.0433
LH,PAYX,0.0046
LH,S,0.0144
LH,SHW,0.0122
LH,SNA,0.0486
LH,SWK,0.0074
LH,UNH,0.0292
LH,UNP,0.0406
LH,VNO,0.0225
LH,WY,0.0246
LLY,MCO,0.0469
LLY,MMC,0.0070
LLY,NFLX,0.0233
LLY,NWSA,0.0121
LLY,PH,0.0493
LLY,RSG,0.0276
LLY,TJX,0.0306
LLY,UPS,0.0164
LMT,MMM,0.0010
LMT,MTB,0.0363
LMT,NEM,0.0455
LMT,NI,0.0091
LMT,PM,0.0055
LMT,PPL,0.0439
LMT,PSA,0.0049
LMT,SRE,0.0062
LNC,LOW,0.0426
LNC,MAS,0.0426
LNC,MCO,0.0495
LNC,MET,0.0023
LNC,MMM,0.0144
LNC,MS,0.0159
LNC,MU,0.0356
LNC,NRG,0.0193
LNC,NSC,0.0125
LNC,NTAP,0.0233
LNC,NTRS,0.0151
LNC,NVDA,0.0355
LNC,OKE,0.0267
LNC,PAYX,0.0238
LNC,PBI,0.0306
LNC,PEG,0.0401
LNC,PFG,0.0003
LNC,PH,0.0472
LNC,PM,0.0332
LNC,PNC,0.0353
LNC,PPL,0.0325
LNC,PRU,0.0270
LNC,PSX,0.0381
LNC,PWR,0.0463
LNC,QCOM,0.0248
LNC,R,0.0464
LNC,RF,0.0075
LNC,RL,0.0375
LNC,ROK,0.0417
LNC,RSG,0.0442
LNC,SBUX,0.0203
LNC,SCHW,0.0087
LNC,SHW,0.0373
LNC,SLM,0.0182
LNC,SPG,0.0302
LNC,STI,0.0204
LNC,STT,0.0175
LNC,STX,0.0377
LNC,T,0.0179
LNC,TDC,0.0052
LNC,TER,0.0409
LNC,TJX,0.0420
LNC,TMO,0.0459
LNC,TROW,0.0215
LNC,TSN,0.0355
LNC,TXN,0.0281
LNC,TXT,0.0367
LNC,UNM,0.0367
LNC,USB,0.0077
LNC,VLO,0.0262
LNC,VNO,0.0240
LNC,VRSN,0.0058
LNC,VZ,0.0332
LNC,WAT,0.0156
LNC,WDC,0.0271
LNC,WFC,0.0117
LNC,WMB,0.0201
LNC,WMT,0.0318
LNC,WYNN,0.0218
LNC,XRAY,0.0165
LNC,XYL,0.0158
LNC,ZION,0.0180
LOW,PAYX,0.0494
LOW,UNM,0.0184
LRCX,MCK,0.0126
LRCX,NBR,0.0337
LRCX,URBN,0.0001
LRCX,V,0.0417
LRCX,WHR,0.0443
M,SCHW,0.0290
MA,MAR,0.0091
MA,MAS,0.0012
MA,MOS,0.0096
MA,NBR,0.0079
MA,NFLX,0.0117
MA,NU,0.0167
MA,ORLY,0.0177
MA,PH,0.0025
MA,PHM,0.0034
MA,RL,0.0269
MA,RSG,0.0080
MA,S,0.0232
MA,SHW,0.0334
MA,STI,0.0353
MA,STX,0.0293
MA,SYK,0.0206
MA,UNP,0.0360
MAR,NBR,0.0402
MAR,ROP,0.0145
MAR,S,0.0317
MAR,SUN,0.0371
MAR,URBN,0.0059
MAR,V,0.0006
MAS,NFLX,0.0129
MAS,ORLY,0.0232
MAS,PH,0.0041
MAS,SHW,0.0387
MAT,SLB,0.0430
MAT,TGT,0.0283
MCD,MDT,0.0156
MCD,MUR,0.0428
MCD,NOV,0.0244
MCD,OXY,0.0027
MCD,SWK,0.0423
MCHP,MCK,0.0190
MCHP,MOS,0.0146
MCHP,MRK,0.0113
MCHP,MU,0.0325
MCHP,NBR,0.0046
MCHP,NUE,0.0430
MCHP,NWL,0.0192
MCHP,PCAR,0.0463
MCHP,PFE,0.0322
MCHP,PX,0.0238
MCHP,SBUX,0.0440
MCHP,STI,0.0430
MCHP,TE,0.0235
MCHP,URBN,0.0353
MCHP,VFC,0.0027
MCHP,WHR,0.0140
MCK,MU,0.0117
MCK,NKE,0.0325
MCK,NWSA,0.0015
MCK,QCOM,0.0387
MCK,UPS,0.0149
MCK,URBN,0.0369
MCK,WDC,0.0044
MCK,WHR,0.0262
MCO,NU,0.0254
MCO,NVDA,0.0298
MCO,PCG,0.0331
MCO,TJX,0.0274
MDT,OMC,0.0202
MET,MTB,0.0092
MET,VRSN,0.0461
MKC,PEP,0.0042
MMC,MOS,0.0044
MMC,NBR,0.0279
MMC,NFLX,0.0288
MMC,NKE,0.0237
MMC,NTAP,0.0476
MMC,NU,0.0020
MMC,NVDA,0.0172
MMC,OI,0.0291
MMC,PHM,0.0130
MMC,TJX,0.0413
MMC,UPS,0.0068
MMM,SRE,0.0036
MNST,PPG,0.0027
MNST,ROK,0.0295
MNST,TAP,0.0294
MNST,TDC,0.0257
MO,NI,0.0003
MO,PBI,0.0286
MO,PEG,0.0250
MO,PM,0.0251
MO,PSA,0.0412
MO,SO,0.0085
MO,SRE,0.0448
MO,TXN,0.0162
MOS,MSFT,0.0018
MOS,NBR,0.0063
MOS,NU,0.0259
MOS,NWL,0.0174
MOS,ORLY,0.0089
MOS,PCG,0.0270
MOS,PG,0.0322
MOS,PHM,0.0266
MOS,ROP,0.0037
MOS,SNA,0.0081
MOS,SYK,0.0339
MOS,TEL,0.0447
MOS,UNM,0.0334
MOS,UNP,0.0445
MOS,URBN,0.0138
MOS,V,0.0214
MOS,VMC,0.0392
MPC,PCAR,0.0449
MPC,TXT,0.0005
MPC,VRSN,0.0408
MPC,WHR,0.0252
MRK,MU,0.0105
MRK,NBR,0.0155
MRK,NKE,0.0483
MRK,OI,0.0356
MRK,PX,0.0414
MRK,QCOM,0.0101
MRK,S,0.0268
MRK,SBUX,0.0214
MRK,SLB,0.0348
MRK,STI,0.0486
MRK,TROW,0.0465
MRK,VRSN,0.0156
MRK,WDC,0.0230
MRK,WFC,0.0463
MRK,WHR,0.0253
MRK,WM,0.0145
MS,MTB,0.0471
MS,PBI,0.0492
MS,PPL,0.0440
MS,SRE,0.0496
MS,THC,0.0422
MS,TMO,0.0377
MS,TXN,0.0042
MS,VZ,0.0375
MSFT,NBR,0.0017
MSFT,ROP,0.0177
MSFT,URBN,0.0278
MSFT,V,0.0483
MSI,SO,0.0281
MSI,THC,0.0285
MTB,NDAQ,0.0105
MTB,PNC,0.0060
MTB,RF,0.0370
MTB,STT,0.0441
MU,WDC,0.0285
MU,WHR,0.0290
MU,WM,0.0306
MUR,NEM,0.0343
MUR,NI,0.0341
MUR,OMC,0.0071
MUR,PCG,0.0248
MUR,PM,0.0488
MUR,PNW,0.0255
MUR,PPL,0.0351
MUR,PSA,0.0192
MUR,SE,0.0094
MUR,SRE,0.0452
MUR,T,0.0493
MUR,VTR,0.0284
MUR,WEC,0.0205
MUR,XEL,0.0345
MUR,YUM,0.0500
NBR,NWL,0.0200
NBR,ORLY,0.0148
NBR,PCG,0.0044
NBR,PHM,0.0418
NBR,ROP,0.0067
NBR,SNA,0.0045
NBR,SYK,0.0084
NBR,TE,0.0228
NBR,TEL,0.0439
NBR,URBN,0.0209
NBR,V,0.0077
NBR,VFC,0.0472
NDAQ,PNC,0.0461
NDAQ,TDC,0.0485
NE,NEE,0.0490
NE,NEM,0.0394
NE,NOC,0.0235
NE,WEC,0.0176
NE,XEL,0.0146
NEM,WEC,0.0160
NFLX,NU,0.0078
NFLX,NVDA,0.0274
NFLX,NWSA,0.0300
NFLX,ORLY,0.0491
NFLX,PH,0.0091
NFLX,PHM,0.0144
NFLX,PWR,0.0148
NFLX,RL,0.0126
NFLX,RSG,0.0034
NFLX,STX,0.0105
NFLX,TEL,0.0042
NFLX,WM,0.0287
NI,PBI,0.0328
NI,PM,0.0035
NI,TXN,0.0275
NKE,NRG,0.0395
NKE,NTAP,0.0153
NKE,NU,0.0289
NKE,NVDA,0.0314
NKE,NWSA,0.0334
NKE,OKE,0.0335
NKE,ORCL,0.0427
NKE,ORLY,0.0439
NKE,PAYX,0.0404
NKE,PG,0.0500
NKE,PH,0.0434
NKE,PRU,0.0152
NKE,PWR,0.0396
NKE,R,0.0342
NKE,RSG,0.0442
NKE,TJX,0.0152
NKE,TXT,0.0366
NKE,UNM,0.0032
NKE,URBN,0.0495
NKE,WMB,0.0065
NKE,WMT,0.0286
NKE,XOM,0.0188
NOV,OMC,0.0161
NOV,ORCL,0.0424
NOV,ORLY,0.0473
NOV,PCG,0.0074
NOV,PNW,0.0413
NOV,SYK,0.0312
NOV,YUM,0.0143
NRG,OKE,0.0500
NSC,SYY,0.0139
NSC,USB,0.0425
NSC,WAT,0.0291
NTAP,NVDA,0.0170
NTAP,RSG,0.0298
NTAP,TEL,0.0401
NTAP,WMB,0.0289
NTRS,PFG,0.0483
NTRS,STT,0.0103
NTRS,T,0.0249
NTRS,TDC,0.0243
NTRS,TSN,0.0088
NTRS,WAT,0.0034
NU,ORLY,0.0031
NU,PWR,0.0218
NU,RSG,0.0023
NU,UNM,0.0131
NUE,PFE,0.0409
NUE,PX,0.0396
NUE,RHI,0.0481
NUE,S,0.0190
NUE,TRIP,0.0106
NUE,WEC,0.0169
NUE,XEL,0.0138
NVDA,PG,0.0285
NVDA,TEL,0.0244
NWL,RRC,0.0322
NWL,SNA,0.0413
NWL,URBN,0.0325
NWSA,OI,0.0139
NWSA,ROST,0.0172
NWSA,RSG,0.0238
NWSA,STX,0.0204
NWSA,UNP,0.0425
NWSA,UPS,0.0111
NWSA,URBN,0.0311
NWSA,WHR,0.0239
NWSA,WM,0.0356
OI,OKE,0.0303
OI,PAYX,0.0432
OI,PRU,0.0036
OI,PSX,0.0489
OI,R,0.0242
OI,ROP,0.0427
OI,ROST,0.0307
OI,SPG,0.0474
OI,TJX,0.0178
OI,TXT,0.0229
OI,UPS,0.0165
OI,WDC,0.0447
OI,WMB,0.0062
OKE,PAYX,0.0396
OKE,PBI,0.0400
OKE,PGR,0.0009
OKE,R,0.0114
OKE,STX,0.0406
OKE,THC,0.0435
OKE,TJX,0.0475
OKE,WMT,0.0397
OMC,OXY,0.0146
OMC,PSA,0.0396
OMC,SLB,0.0128
OMC,SO,0.0455
OMC,THC,0.0476
OMC,YUM,0.0478
ORCL,PCG,0.0106
ORCL,UNM,0.0420
ORLY,PH,0.0159
ORLY,PHM,0.0073
ORLY,PWR,0.0275
ORLY,RSG,0.0026
ORLY,S,0.0462
ORLY,SHW,0.0420
ORLY,SYK,0.0280
ORLY,UNM,0.0145
ORLY,UNP,0.0499
ORLY,UPS,0.0315
ORLY,WM,0.0320
OXY,PCG,0.0004
OXY,PSA,0.0404
OXY,SWK,0.0436
PAYX,PGR,0.0371
PAYX,PH,0.0193
PAYX,PHM,0.0230
PAYX,PRU,0.0298
PAYX,PWR,0.0408
PAYX,R,0.0031
PAYX,ROST,0.0229
PAYX,RSG,0.0476
PAYX,SHW,0.0008
PAYX,SPG,0.0123
PAYX,SWK,0.0267
PAYX,THC,0.0487
PAYX,TJX,0.0098
PAYX,UNM,0.0286
PAYX,UNP,0.0242
PAYX,UPS,0.0308
PAYX,VNO,0.0005
PAYX,WMB,0.0039
PAYX,WMT,0.0181
PBI,PEG,0.0104
PBI,PM,0.0164
PBI,SO,0.0012
PBI,SRE,0.0367
PBI,VTR,0.0153
PCAR,S,0.0471
PCAR,URBN,0.0378
PCG,PEG,0.0003
PCG,PFE,0.0392
PCG,PG,0.0089
PCG,PGR,0.0078
PCG,PH,0.0117
PCG,PHM,0.0017
PCG,PM,0.0185
PCG,PNC,0.0303
PCG,PNW,0.0071
PCG,PPL,0.0395
PCG,PRGO,0.0098
PCG,PSA,0.0022
PCG,R,0.0071
PCG,RHI,0.0238
PCG,RSG,0.0034
PCG,S,0.0295
PCG,SEE,0.0447
PCG,SHW,0.0076
PCG,SJM,0.0349
PCG,SLB,0.0058
PCG,SLM,0.0349
PCG,SO,0.0000
PCG,SPG,0.0269
PCG,SRE,0.0133
PCG,STI,0.0169
PCG,STX,0.0064
PCG,SWK,0.0017
PCG,TE,0.0433
PCG,TEL,0.0190
PCG,THC,0.0001
PCG,TJX,0.0099
PCG,TRIP,0.0340
PCG,TXN,0.0182
PCG,UNH,0.0135
PCG,UNM,0.0300
PCG,UNP,0.0327
PCG,UPS,0.0066
PCG,VNO,0.0076
PCG,VRSN,0.0387
PCG,VTR,0.0031
PCG,VZ,0.0146
PCG,WDC,0.0362
PCG,WHR,0.0120
PCG,WM,0.0167
PCG,WMB,0.0078
PCG,WMT,0.0219
PCG,XRAY,0.0386
PCG,XRX,0.0103
PEG,SO,0.0063
PEP,PFE,0.0457
PEP,PRU,0.0437
PEP,PSX,0.0350
PEP,PX,0.0459
PEP,R,0.0496
PEP,RHI,0.0376
PEP,ROP,0.0483
PEP,ROST,0.0387
PEP,RRC,0.0374
PEP,SE,0.0343
PEP,SLB,0.0316
PEP,STX,0.0479
PEP,SUN,0.0231
PEP,TE,0.0382
PEP,TXT,0.0326
PEP,URBN,0.0497
PEP,USB,0.0405
PEP,VLO,0.0372
PEP,VNO,0.0479
PEP,WDC,0.0494
PEP,WU,0.0206
PEP,XRX,0.0388
PEP,ZION,0.0452
PFE,ROP,0.0495
PFE,SNA,0.0342
PFE,TE,0.0042
PFE,VFC,0.0392
PFG,PNC,0.0324
PFG,RF,0.0218
PFG,SCHW,0.0058
PFG,TSN,0.0084
PFG,USB,0.0193
PFG,WAT,0.0193
PFG,ZION,0.0056
PG,PGR,0.0106
PG,PHM,0.0438
PG,PRGO,0.0479
PG,PWR,0.0126
PG,RSG,0.0152
PG,TER,0.0441
PG,THC,0.0008
PG,TJX,0.0400
PG,WMB,0.0110
PG,WMT,0.0101
PGR,R,0.0433
PGR,SPG,0.0112
PGR,STX,0.0478
PH,PHM,0.0157
PH,RSG,0.0105
PHM,RSG,0.0399
PM,PSA,0.0365
PM,SO,0.0371
PM,SRE,0.0179
PM,VTR,0.0049
PNW,TXN,0.0310
PNW,XRX,0.0391
PPG,RF,0.0366
PPG,S,0.0434
PPG,SCHW,0.0452
PPG,SEE,0.0423
PPG,SRE,0.0494
PPG,T,0.0392
PPG,TAP,0.0035
PPG,TDC,0.0364
PPG,TSN,0.0246
PPG,UNH,0.0461
PPG,VFC,0.0363
PPG,WEC,0.0497
PPG,XOM,0.0455
PPG,ZION,0.0312
PPL,T,0.0357
PRGO,R,0.0349
PRGO,ROP,0.0272
PRGO,ROST,0.0250
PRGO,STX,0.0401
PRGO,TJX,0.0173
PRGO,UPS,0.0330
PRGO,URBN,0.0500
PRGO,WHR,0.0252
PRGO,WMB,0.0190
PRGO,WMT,0.0311
PRU,UPS,0.0425
PRU,VRSN,0.0077
PSX,S,0.0147
PSX,SUN,0.0342
PSX,TXT,0.0094
PSX,WHR,0.0235
PWR,RSG,0.0484
PWR,TEL,0.0326
PWR,UNM,0.0408
QCOM,STI,0.0261
QCOM,VRSN,0.0297
QCOM,WFC,0.0323
QCOM,WHR,0.0303
QCOM,WM,0.0401
R,STX,0.0132
R,TJX,0.0087
R,UPS,0.0262
RF,TSN,0.0373
RHI,TXN,0.0211
RHI,XRX,0.0284
RL,STI,0.0072
RL,STX,0.0419
RL,SYK,0.0422
RL,TEL,0.0458
RL,WM,0.0097
ROK,ROST,0.0299
ROK,RRC,0.0265
ROK,RSG,0.0199
ROK,S,0.0202
ROK,SBUX,0.0294
ROK,SCHW,0.0102
ROK,SE,0.0136
ROK,SEE,0.0165
ROK,SHW,0.0296
ROK,SLM,0.0169
ROK,SO,0.0165
ROK,SPG,0.0258
ROK,SRE,0.0079
ROK,STI,0.0145
ROK,STX,0.0218
ROK,STZ,0.0292
ROK,SUN,0.0276
ROK,SYK,0.0377
ROK,T,0.0037
ROK,TAP,0.0026
ROK,TDC,0.0007
ROK,TE,0.0283
ROK,TER,0.0400
ROK,TGT,0.0087
ROK,THC,0.0197
ROK,TJX,0.0259
ROK,TMO,0.0209
ROK,TRIP,0.0195
ROK,TRV,0.0123
ROK,TSN,0.0044
ROK,TXN,0.0244
ROK,TXT,0.0254
ROK,UNH,0.0058
ROK,UNM,0.0301
ROK,UNP,0.0307
ROK,URBN,0.0393
ROK,USB,0.0125
ROK,V,0.0454
ROK,VFC,0.0180
ROK,VLO,0.0162
ROK,VMC,0.0386
ROK,VNO,0.0160
ROK,VRSN,0.0233
ROK,VTR,0.0258
ROK,VZ,0.0114
ROK,WAT,0.0076
ROK,WDC,0.0187
ROK,WEC,0.0163
ROK,WFC,0.0166
ROK,WM,0.0174
ROK,WMB,0.0150
ROK,WMT,0.0165
ROK,WU,0.0099
ROK,WYNN,0.0145
ROK,XEL,0.0179
ROK,XOM,0.0117
ROK,XRAY,0.0060
ROK,XYL,0.0194
ROK,ZION,0.0064
ROP,RSG,0.0328
ROP,S,0.0113
ROP,SJM,0.0227
ROP,SUN,0.0230
ROP,TE,0.0084
ROP,UNP,0.0425
ROP,URBN,0.0029
ROST,S,0.0379
ROST,SPG,0.0390
ROST,STX,0.0439
ROST,UNP,0.0056
ROST,UPS,0.0358
RRC,SBUX,0.0101
RRC,SEE,0.0071
RRC,SJM,0.0005
RRC,STZ,0.0383
RRC,URBN,0.0468
RRC,VFC,0.0021
RRC,WHR,0.0132
RRC,XEL,0.0006
RSG,TEL,0.0338
S,SHW,0.0208
S,SLM,0.0279
S,SNA,0.0381
S,SPG,0.0123
S,STI,0.0265
S,SUN,0.0023
S,SYK,0.0317
S,TE,0.0159
S,TRV,0.0097
S,TXT,0.0284
S,UNP,0.0056
S,UPS,0.0391
S,URBN,0.0330
S,V,0.0287
S,VZ,0.0419
S,WM,0.0326
SBUX,SLM,0.0457
SBUX,TEL,0.0427
SBUX,TER,0.0361
SBUX,TXT,0.0312
SBUX,URBN,0.0191
SBUX,VLO,0.0092
SBUX,VMC,0.0407
SBUX,VRSN,0.0145
SBUX,WDC,0.0149
SBUX,WFC,0.0170
SBUX,XEL,0.0319
SBUX,XOM,0.0376
SBUX,XYL,0.0322
SHW,STX,0.0305
SJM,UPS,0.0386
SLB,SLM,0.0071
SLB,SO,0.0026
SLB,SPG,0.0117
SLB,SRE,0.0030
SLB,STI,0.0092
SLB,STT,0.0279
SLB,STX,0.0145
SLB,SYK,0.0137
SLB,SYY,0.0155
SLB,T,0.0009
SLB,TDC,0.0485
SLB,TEL,0.0197
SLB,TER,0.0113
SLB,TGT,0.0192
SLB,THC,0.0043
SLB,TJX,0.0210
SLB,TMO,0.0088
SLB,TRV,0.0031
SLB,TXN,0.0017
SLB,UNH,0.0210
SLB,UNM,0.0429
SLB,UNP,0.0467
SLB,V,0.0455
SLB,VTR,0.0051
SLB,VZ,0.0029
SLB,WAT,0.0340
SLB,WDC,0.0257
SLB,WEC,0.0304
SLB,WFC,0.0212
SLB,WHR,0.0270
SLB,WM,0.0105
SLB,WMB,0.0190
SLB,WMT,0.0072
SLB,XYL,0.0036
SLB,YUM,0.0226
SLM,TRV,0.0301
SLM,WM,0.0480
SLM,XYL,0.0382
SNA,SWK,0.0282
SNA,TE,0.0192
SNA,UPS,0.0338
SNA,URBN,0.0481
SNA,V,0.0182
SNA,VFC,0.0273
SNA,VMC,0.0240
SNA,WHR,0.0404
SO,THC,0.0370
SO,WMT,0.0282
SPG,STI,0.0439
SPG,STX,0.0133
SPG,VZ,0.0198
SRE,STT,0.0209
SRE,T,0.0358
SRE,TXN,0.0148
SRE,VTR,0.0111
STI,TEL,0.0465
STI,TRV,0.0142
STI,WDC,0.0450
STI,WFC,0.0133
STI,WM,0.0079
STI,XYL,0.0355
STT,T,0.0088
STT,TMO,0.0047
STT,TSN,0.0425
STT,VTR,0.0390
STT,VZ,0.0444
STX,WHR,0.0449
STZ,VMC,0.0474
SUN,TE,0.0256
SUN,UNP,0.0385
SUN,UPS,0.0488
SUN,V,0.0366
SUN,WHR,0.0262
SWK,WMT,0.0475
SYK,TEL,0.0227
SYK,WM,0.0424
SYY,TGT,0.0123
SYY,WAT,0.0080
TDC,TSN,0.0170
TE,UPS,0.0411
TE,V,0.0239
TE,WHR,0.0335
TEL,THC,0.0169
TEL,URBN,0.0332
TEL,WDC,0.0481
TEL,WHR,0.0318
TEL,WM,0.0084
TER,THC,0.0116
TJX,UPS,0.0181
TJX,WMB,0.0315
TMO,TSN,0.0497
TROW,TRV,0.0105
TROW,TSN,0.0474
TROW,TXN,0.0211
TROW,TXT,0.0293
TROW,UNH,0.0330
TROW,UNM,0.0249
TROW,UNP,0.0363
TROW,UPS,0.0402
TROW,URBN,0.0280
TROW,USB,0.0256
TROW,V,0.0317
TROW,VFC,0.0298
TROW,VLO,0.0086
TROW,VMC,0.0217
TROW,VNO,0.0418
TROW,VRSN,0.0162
TROW,VTR,0.0414
TROW,VZ,0.0160
TROW,WAT,0.0236
TROW,WDC,0.0136
TROW,WEC,0.0397
TROW,WFC,0.0072
TROW,WHR,0.0282
TROW,WM,0.0106
TROW,WMB,0.0283
TROW,WMT,0.0253
TROW,WU,0.0213
TROW,WYNN,0.0497
TROW,XEL,0.0234
TROW,XOM,0.0185
TROW,XRAY,0.0294
TROW,XYL,0.0053
TROW,YUM,0.0121
TROW,ZION,0.0250
TRV,VZ,0.0012
TSN,WAT,0.0239
TXT,UPS,0.0146
TXT,VRSN,0.0434
TXT,WDC,0.0293
TXT,WHR,0.0078
TXT,WM,0.0292
UNH,VNO,0.0342
UNM,WMT,0.0379
UNP,UPS,0.0457
UNP,V,0.0212
UPS,URBN,0.0489
UPS,VNO,0.0424
UPS,WDC,0.0413
UPS,WMB,0.0038
UPS,WMT,0.0405
URBN,V,0.0109
URBN,VFC,0.0136
URBN,VMC,0.0004
URBN,WDC,0.0379
URBN,WHR,0.0104
V,VMC,0.0399
V,WHR,0.0102
VLO,VRSN,0.0016
VLO,WDC,0.0257
VLO,WHR,0.0353
VRSN,WDC,0.0095
VRSN,WFC,0.0096
VRSN,WM,0.0220
VRSN,WMB,0.0106
VRSN,XOM,0.0036
VRSN,XYL,0.0268
WDC,WFC,0.0109
WDC,WHR,0.0250
WDC,WM,0.0165
WFC,WM,0.0322
WFC,XYL,0.0369
WHR,WM,0.0196
WU,XRAY,0.0486
XOM,XRAY,0.0163
XOM,XRX,0.0031
